index|links|symbols
0.0|./stories/CAAqOQgKIjNDQklTSURvSmMzUnZjbmt0TXpZd1NoTUtFUWp6Z182QWtJQU1FV05wdEtQRG5Rb1VLQUFQAQ?hl=en-US&gl=US&ceid=US%3Aen|ADBE
1.0|./stories/CAAqOQgKIjNDQklTSURvSmMzUnZjbmt0TXpZd1NoTUtFUWkyOVppQ2tJQU1FZFZSajhLZkVIU1BLQUFQAQ?hl=en-US&gl=US&ceid=US%3Aen|ADBE
2.0|./stories/CAAqOQgKIjNDQklTSURvSmMzUnZjbmt0TXpZd1NoTUtFUWpYeVlTQ2tJQU1FU3B6ZXp1b1BRUGhLQUFQAQ?hl=en-US&gl=US&ceid=US%3Aen|ADBE
0.0|./stories/CAAqOQgKIjNDQklTSURvSmMzUnZjbmt0TXpZd1NoTUtFUWpubFppQ2tJQU1FWloySllwOGpCSU9LQUFQAQ?hl=en-US&gl=US&ceid=US%3Aen|GOOG
0.0|./stories/CAAqOQgKIjNDQklTSURvSmMzUnZjbmt0TXpZd1NoTUtFUWpJX09lQWtJQU1FVFRsY05LQm5RLVNLQUFQAQ?hl=en-US&gl=US&ceid=US%3Aen|AMD
1.0|./stories/CAAqOQgKIjNDQklTSURvSmMzUnZjbmt0TXpZd1NoTUtFUWlQam9LQ2tJQU1FV29wNC1vX2Vyei1LQUFQAQ?hl=en-US&gl=US&ceid=US%3Aen|AMD
2.0|./stories/CAAqaQgKImNDQklTUkRvSmMzUnZjbmt0TXpZd1NqY0tFUWk1am9LQ2tJQU1FWnpDSy02aXpkdU9FaUpEVDFKVFFVbFNJRTlPUlNCaE1UQXdJRU52YlhCaFkzUWdSMkZ0YVc1bklGQkRLQUFQAQ?hl=en-US&gl=US&ceid=US%3Aen|AMD
3.0|./stories/CAAqOQgKIjNDQklTSURvSmMzUnZjbmt0TXpZd1NoTUtFUWkyMUxlQ2tJQU1FUVo5cFlaMjVJUVpLQUFQAQ?hl=en-US&gl=US&ceid=US%3Aen|AMD
4.0|./stories/CAAqOQgKIjNDQklTSURvSmMzUnZjbmt0TXpZd1NoTUtFUWozcVBxQmtJQU1FVmhiendvQXdZNHFLQUFQAQ?hl=en-US&gl=US&ceid=US%3Aen|AMD
5.0|./stories/CAAqOQgKIjNDQklTSURvSmMzUnZjbmt0TXpZd1NoTUtFUWlEenBDQWtJQU1FWF8wZEFwTENHOXhLQUFQAQ?hl=en-US&gl=US&ceid=US%3Aen|AMD
6.0|./stories/CAAqfQgKIndDQklTVXpvSmMzUnZjbmt0TXpZd1NrWUtFUWk5dWZIX2o0QU1FZWVIbnRJT0J6Q0hFakZCVFVRbmN5QkNOVFV3SUcxdmRHaGxjbUp2WVhKa0lIQnlaVzl5WkdWeWN5QmhiSEpsWVdSNUlITnZiR1FnYjNWMEtBQVAB?hl=en-US&gl=US&ceid=US%3Aen|AMD
7.0|./stories/CAAqOQgKIjNDQklTSURvSmMzUnZjbmt0TXpZd1NoTUtFUWpqbVAyQWtJQU1FZUpZOUViejNDM0FLQUFQAQ?hl=en-US&gl=US&ceid=US%3Aen|AMD
0.0|./stories/CAAqOQgKIjNDQklTSURvSmMzUnZjbmt0TXpZd1NoTUtFUWpxaF9HQWtJQU1FZUZEektveFJvV0FLQUFQAQ?hl=en-US&gl=US&ceid=US%3Aen|AMZN
1.0|./stories/CAAqOQgKIjNDQklTSURvSmMzUnZjbmt0TXpZd1NoTUtFUWo2N3BHRGtJQU1FY3RERkNPZzFCX2pLQUFQAQ?hl=en-US&gl=US&ceid=US%3Aen|AMZN
2.0|./stories/CAAqOQgKIjNDQklTSURvSmMzUnZjbmt0TXpZd1NoTUtFUWlKblBPQmtJQU1FUzRteTY4Zy12QWFLQUFQAQ?hl=en-US&gl=US&ceid=US%3Aen|AMZN
3.0|./stories/CAAqOQgKIjNDQklTSURvSmMzUnZjbmt0TXpZd1NoTUtFUWoxZ29lQmtJQU1FUnNkU2puaF9nWFlLQUFQAQ?hl=en-US&gl=US&ceid=US%3Aen|AMZN
4.0|./stories/CAAqZAgKIl5DQklTUURvSmMzUnZjbmt0TXpZd1NqTUtFUWlrNGNtQ2tJQU1FWWRSV1lqdGliTGNFaDRuTnpVd01DY2dZbmtnU205elpYQm9JRWR2Y21SdmJpMU1aWFpwZEhRb0FBUAE?hl=en-US&gl=US&ceid=US%3Aen|AMZN
5.0|./stories/CAAqOQgKIjNDQklTSURvSmMzUnZjbmt0TXpZd1NoTUtFUWp6XzdHQ2tJQU1FWHZfdmhQN1hIaE1LQUFQAQ?hl=en-US&gl=US&ceid=US%3Aen|AMZN
6.0|./stories/CAAqOQgKIjNDQklTSURvSmMzUnZjbmt0TXpZd1NoTUtFUWlDOXNMX2o0QU1FZWkybUtraFEzNEtLQUFQAQ?hl=en-US&gl=US&ceid=US%3Aen|AMZN
7.0|./stories/CAAqOQgKIjNDQklTSURvSmMzUnZjbmt0TXpZd1NoTUtFUWplak9xQ2tJQU1FYVA3T01hUlJ6TDRLQUFQAQ?hl=en-US&gl=US&ceid=US%3Aen|AMZN
8.0|./stories/CAAqOQgKIjNDQklTSURvSmMzUnZjbmt0TXpZd1NoTUtFUWpwalptQ2tJQU1FU1pSWURPWUt3RFNLQUFQAQ?hl=en-US&gl=US&ceid=US%3Aen|AMZN
9.0|./stories/CAAqOQgKIjNDQklTSURvSmMzUnZjbmt0TXpZd1NoTUtFUWkyck15Q2tJQU1FWEctSDUtSFFGQzVLQUFQAQ?hl=en-US&gl=US&ceid=US%3Aen|AMZN
10.0|./stories/CAAqOQgKIjNDQklTSURvSmMzUnZjbmt0TXpZd1NoTUtFUWo3MzdPQWtJQU1FWHVfdy13d1Y1QnRLQUFQAQ?hl=en-US&gl=US&ceid=US%3Aen|AMZN
11.0|./stories/CAAqOQgKIjNDQklTSURvSmMzUnZjbmt0TXpZd1NoTUtFUWpmejVlRGtJQU1FZnhlLTMzXzhBS3pLQUFQAQ?hl=en-US&gl=US&ceid=US%3Aen|AMZN
12.0|./stories/CAAqOQgKIjNDQklTSURvSmMzUnZjbmt0TXpZd1NoTUtFUWpMeTd1QmtJQU1FZVFvSmtfeTUzNUhLQUFQAQ?hl=en-US&gl=US&ceid=US%3Aen|AMZN
13.0|./stories/CAAqOQgKIjNDQklTSURvSmMzUnZjbmt0TXpZd1NoTUtFUWlOcl9XQmtJQU1FWWVfNmZMNW55N0dLQUFQAQ?hl=en-US&gl=US&ceid=US%3Aen|AMZN
14.0|./stories/CAAqOQgKIjNDQklTSURvSmMzUnZjbmt0TXpZd1NoTUtFUWlYdTZLRGtJQU1FYVh0NEFrZmlJRU5LQUFQAQ?hl=en-US&gl=US&ceid=US%3Aen|AMZN
15.0|./stories/CAAqOQgKIjNDQklTSURvSmMzUnZjbmt0TXpZd1NoTUtFUWlad0tmX2o0QU1FUXg0dV80Vm1yekhLQUFQAQ?hl=en-US&gl=US&ceid=US%3Aen|AMZN
16.0|./stories/CAAqdggKInBDQklTVGpvSmMzUnZjbmt0TXpZd1NrRUtFUWlhOC0yQmtJQU1FVExvd2swQUtSdEJFaXhVY25WdGNDQmhaRzFwYm1semRISmhkR2x2YmlCemRXVnpJRUp2YkhSdmJpQnZkbVZ5SUcxbGJXOXBjaWdBUAE?hl=en-US&gl=US&ceid=US%3Aen|AMZN
17.0|./stories/CAAqOQgKIjNDQklTSURvSmMzUnZjbmt0TXpZd1NoTUtFUWlpMElLQ2tJQU1FY2ZtSEJ1VVl3ZlVLQUFQAQ?hl=en-US&gl=US&ceid=US%3Aen|AMZN
18.0|./stories/CAAqOQgKIjNDQklTSURvSmMzUnZjbmt0TXpZd1NoTUtFUWoybV8yQ2tJQU1FZXQyMTdmSkpveVZLQUFQAQ?hl=en-US&gl=US&ceid=US%3Aen|AMZN
19.0|./stories/CAAqOQgKIjNDQklTSURvSmMzUnZjbmt0TXpZd1NoTUtFUWpNcC1xQ2tJQU1FWWllTjJLLWh1RzZLQUFQAQ?hl=en-US&gl=US&ceid=US%3Aen|AMZN
20.0|./stories/CAAqbQgKImdDQklTUnpvSmMzUnZjbmt0TXpZd1Nqb0tFUWo2b3ZPQmtJQU1FUkFQNU9BeXgwRUJFaVZXWlhKcGVtOXVJR3B2YVc1eklFRnRZWHB2YmlkeklFTnNhVzFoZEdVZ1VHeGxaR2RsS0FBUAE?hl=en-US&gl=US&ceid=US%3Aen|AMZN
21.0|./stories/CAAqOQgKIjNDQklTSURvSmMzUnZjbmt0TXpZd1NoTUtFUWpGb1BtQ2tJQU1FZWpDcXpzMFhKa2pLQUFQAQ?hl=en-US&gl=US&ceid=US%3Aen|AMZN
22.0|./stories/CAAqOQgKIjNDQklTSURvSmMzUnZjbmt0TXpZd1NoTUtFUWpJaG9pQ2tJQU1FU0xTWjY3clczbTRLQUFQAQ?hl=en-US&gl=US&ceid=US%3Aen|AMZN
23.0|./stories/CAAqOQgKIjNDQklTSURvSmMzUnZjbmt0TXpZd1NoTUtFUWpTczZtQmtJQU1FVUVZd2l0a0cxRnJLQUFQAQ?hl=en-US&gl=US&ceid=US%3Aen|AMZN
24.0|./stories/CAAqOQgKIjNDQklTSURvSmMzUnZjbmt0TXpZd1NoTUtFUWlHcVptQ2tJQU1FYklHRkc0Rl9MaHBLQUFQAQ?hl=en-US&gl=US&ceid=US%3Aen|AMZN
25.0|./stories/CAAqOQgKIjNDQklTSURvSmMzUnZjbmt0TXpZd1NoTUtFUWlsM3ZHQ2tJQU1FY1V4T1IwWGNhQk1LQUFQAQ?hl=en-US&gl=US&ceid=US%3Aen|AMZN
26.0|./stories/CAAqOQgKIjNDQklTSURvSmMzUnZjbmt0TXpZd1NoTUtFUWpjNHZDQ2tJQU1FUjlPdWVoa01KcVhLQUFQAQ?hl=en-US&gl=US&ceid=US%3Aen|AMZN
27.0|./stories/CAAqOQgKIjNDQklTSURvSmMzUnZjbmt0TXpZd1NoTUtFUWlUOWQtQ2tJQU1FUk53bkxwdmtRSzdLQUFQAQ?hl=en-US&gl=US&ceid=US%3Aen|AMZN
28.0|./stories/CAAqOQgKIjNDQklTSURvSmMzUnZjbmt0TXpZd1NoTUtFUWpTcVlLQ2tJQU1FVTJOUkxlMUt3ZjRLQUFQAQ?hl=en-US&gl=US&ceid=US%3Aen|AMZN
29.0|./stories/CAAqdggKInBDQklTVGpvSmMzUnZjbmt0TXpZd1NrRUtFUWpqbU15Q2tJQU1FWldiSVYxemFSN0VFaXhCYldGNmIyNGdiR0YxYm1Ob1pYTWdiMjVzYVc1bElITjBiM0psSUdsdUlGTmhkV1JwSUVGeVlXSnBZU2dBUAE?hl=en-US&gl=US&ceid=US%3Aen|AMZN
30.0|./stories/CAAqOQgKIjNDQklTSURvSmMzUnZjbmt0TXpZd1NoTUtFUWlYbWRtQ2tJQU1FZVp5VWkxOHN1UllLQUFQAQ?hl=en-US&gl=US&ceid=US%3Aen|AMZN
0.0|./stories/CAAqOQgKIjNDQklTSURvSmMzUnZjbmt0TXpZd1NoTUtFUWljbEx5QmtJQU1FVkZGUThIYW1ZSnpLQUFQAQ?hl=en-US&gl=US&ceid=US%3Aen|AAPL
1.0|./stories/CAAqOQgKIjNDQklTSURvSmMzUnZjbmt0TXpZd1NoTUtFUWlQeDkyQ2tJQU1FYmEtZ3o4a0d4SXhLQUFQAQ?hl=en-US&gl=US&ceid=US%3Aen|AAPL
2.0|./stories/CAAqOQgKIjNDQklTSURvSmMzUnZjbmt0TXpZd1NoTUtFUWl0cjRPQ2tJQU1FVXVrdzFnSGZ0YUpLQUFQAQ?hl=en-US&gl=US&ceid=US%3Aen|AAPL
3.0|./stories/CAAqeggKInRDQklTVVRvSmMzUnZjbmt0TXpZd1NrUUtFUWk0d182QmtJQU1FZFZVVngxNUQ4NFJFaTlCY0hCc1pTQmhibTV2ZFc1alpYTWdVM2RwWm5RZ1UzUjFaR1Z1ZENCRGFHRnNiR1Z1WjJVZ2QybHVibVZ5Y3lnQVAB?hl=en-US&gl=US&ceid=US%3Aen|AAPL
4.0|./stories/CAAqOQgKIjNDQklTSURvSmMzUnZjbmt0TXpZd1NoTUtFUWllbHU2Q2tJQU1FVkJaUGhCZHh0ckZLQUFQAQ?hl=en-US&gl=US&ceid=US%3Aen|AAPL
5.0|./stories/CAAqYQgKIltDQklTUGpvSmMzUnZjbmt0TXpZd1NqRUtFUWpOcXNHQ2tJQU1FYndaY21LOFhxR0dFaHhFYVhabGNuTnBkSGtnWTJocFpXWWdiR1ZoZG1WeklFRndjR3hsS0FBUAE?hl=en-US&gl=US&ceid=US%3Aen|AAPL
6.0|./stories/CAAqOQgKIjNDQklTSURvSmMzUnZjbmt0TXpZd1NoTUtFUWo4dmJ2LWo0QU1FZnBOSTB4S0ZHU3ZLQUFQAQ?hl=en-US&gl=US&ceid=US%3Aen|AAPL
7.0|./stories/CAAqOQgKIjNDQklTSURvSmMzUnZjbmt0TXpZd1NoTUtFUWlSeUpxQ2tJQU1FVUlsNHlmWV9MdFlLQUFQAQ?hl=en-US&gl=US&ceid=US%3Aen|AAPL
8.0|./stories/CAAqOQgKIjNDQklTSURvSmMzUnZjbmt0TXpZd1NoTUtFUWo0OXFlQ2tJQU1FU3lfc0hrMDRFWXJLQUFQAQ?hl=en-US&gl=US&ceid=US%3Aen|AAPL
9.0|./stories/CAAqOQgKIjNDQklTSURvSmMzUnZjbmt0TXpZd1NoTUtFUWlNdXNHQ2tJQU1FYmV6azNMNXkwcVJLQUFQAQ?hl=en-US&gl=US&ceid=US%3Aen|AAPL
10.0|./stories/CAAqOQgKIjNDQklTSURvSmMzUnZjbmt0TXpZd1NoTUtFUWlGaDZHRGtJQU1FVV9JTHVqVXE0ZjNLQUFQAQ?hl=en-US&gl=US&ceid=US%3Aen|AAPL
11.0|./stories/CAAqOQgKIjNDQklTSURvSmMzUnZjbmt0TXpZd1NoTUtFUWlxeTZhRGtJQU1FVmdUSUFIRTRnT3lLQUFQAQ?hl=en-US&gl=US&ceid=US%3Aen|AAPL
12.0|./stories/CAAqOQgKIjNDQklTSURvSmMzUnZjbmt0TXpZd1NoTUtFUWpYLU52Nmo0QU1FZFMyNUN6TXB1c0pLQUFQAQ?hl=en-US&gl=US&ceid=US%3Aen|AAPL
13.0|./stories/CAAqOQgKIjNDQklTSURvSmMzUnZjbmt0TXpZd1NoTUtFUWlMbUxLQmtJQU1FWll5ZXV6WlNGYlFLQUFQAQ?hl=en-US&gl=US&ceid=US%3Aen|AAPL
14.0|./stories/CAAqOQgKIjNDQklTSURvSmMzUnZjbmt0TXpZd1NoTUtFUWpUOThDQ2tJQU1FUTd6akZESm1JRDhLQUFQAQ?hl=en-US&gl=US&ceid=US%3Aen|AAPL
15.0|./stories/CAAqOQgKIjNDQklTSURvSmMzUnZjbmt0TXpZd1NoTUtFUWp4OEpILWo0QU1FVS1JbHVpcmhTc2pLQUFQAQ?hl=en-US&gl=US&ceid=US%3Aen|AAPL
16.0|./stories/CAAqOQgKIjNDQklTSURvSmMzUnZjbmt0TXpZd1NoTUtFUWpKOFlhRGtJQU1FY0ltbGtEMUc2TVNLQUFQAQ?hl=en-US&gl=US&ceid=US%3Aen|AAPL
17.0|./stories/CAAqOQgKIjNDQklTSURvSmMzUnZjbmt0TXpZd1NoTUtFUWlsdG83NGo0QU1FUkhYNUJqMUVFSk9LQUFQAQ?hl=en-US&gl=US&ceid=US%3Aen|AAPL
18.0|./stories/CAAqOQgKIjNDQklTSURvSmMzUnZjbmt0TXpZd1NoTUtFUWpHdVlHRGtJQU1FVV82QUdrM2RWQW1LQUFQAQ?hl=en-US&gl=US&ceid=US%3Aen|AAPL
19.0|./stories/CAAqOQgKIjNDQklTSURvSmMzUnZjbmt0TXpZd1NoTUtFUWptcmVQOGo0QU1FUWZpdzF6MDlWaDRLQUFQAQ?hl=en-US&gl=US&ceid=US%3Aen|AAPL
20.0|./stories/CAAqOQgKIjNDQklTSURvSmMzUnZjbmt0TXpZd1NoTUtFUWlUMHRyOWo0QU1FUTZ3aTc3N0s2cGxLQUFQAQ?hl=en-US&gl=US&ceid=US%3Aen|AAPL
0.0|./stories/CAAqdQgKIm9DQklTVFRvSmMzUnZjbmt0TXpZd1NrQUtFUWlpcGV1QmtJQU1FVHJrUmNjdjBydVFFaXRVWlc1alpXNTBJR1Y1WlhNZ2MzUmhhMlVnYVc0Z2MzUnlaV0Z0YVc1bklISnBkbUZzSUdsUlNWbEpLQUFQAQ?hl=en-US&gl=US&ceid=US%3Aen|BIDU
1.0|./stories/CAAqOQgKIjNDQklTSURvSmMzUnZjbmt0TXpZd1NoTUtFUWpEX19lQWtJQU1FZXFvOFpzNjdzY0ZLQUFQAQ?hl=en-US&gl=US&ceid=US%3Aen|BIDU
0.0|./stories/CAAqVQgKIk9DQklTTlRvSmMzUnZjbmt0TXpZd1NpZ0tFUWozdy0tQWtJQU1FUTFQbGx3YmNqNTRFaE5PYjJ0cFlTQmhaR1J6SUVKeWIyRmtZMjl0S0FBUAE?hl=en-US&gl=US&ceid=US%3Aen|AVGO
0.0|./stories/CAAqOQgKIjNDQklTSURvSmMzUnZjbmt0TXpZd1NoTUtFUWpfekpDQ2tJQU1FVnVRUDRsRWk0eUlLQUFQAQ?hl=en-US&gl=US&ceid=US%3Aen|CSCO
1.0|./stories/CAAqOQgKIjNDQklTSURvSmMzUnZjbmt0TXpZd1NoTUtFUWl3NVA2QmtJQU1FZF9WM191VWw2eE5LQUFQAQ?hl=en-US&gl=US&ceid=US%3Aen|CSCO
2.0|./stories/CAAqOQgKIjNDQklTSURvSmMzUnZjbmt0TXpZd1NoTUtFUWp1c3BDRGtJQU1FYVh5dUM4Rjc5WW5LQUFQAQ?hl=en-US&gl=US&ceid=US%3Aen|CSCO
3.0|./stories/CAAqOQgKIjNDQklTSURvSmMzUnZjbmt0TXpZd1NoTUtFUWpKaUl5RGtJQU1FV1RkaVlhbWI3dVlLQUFQAQ?hl=en-US&gl=US&ceid=US%3Aen|CSCO
0.0|./stories/CAAqOQgKIjNDQklTSURvSmMzUnZjbmt0TXpZd1NoTUtFUWpQcE8yQ2tJQU1FZllqeV9DR3B2aDlLQUFQAQ?hl=en-US&gl=US&ceid=US%3Aen|CMCSA
1.0|./stories/CAAqOQgKIjNDQklTSURvSmMzUnZjbmt0TXpZd1NoTUtFUWp2alphQ2tJQU1FZWJNYXQ0SHA0QXVLQUFQAQ?hl=en-US&gl=US&ceid=US%3Aen|CMCSA
0.0|./stories/CAAqOQgKIjNDQklTSURvSmMzUnZjbmt0TXpZd1NoTUtFUWlSZzVhQmtJQU1FU1Y2TG5FZkZRZndLQUFQAQ?hl=en-US&gl=US&ceid=US%3Aen|EBAY
1.0|./stories/CAAqOQgKIjNDQklTSURvSmMzUnZjbmt0TXpZd1NoTUtFUWpfdy02Q2tJQU1FYkhwcm1ZVW5LbVFLQUFQAQ?hl=en-US&gl=US&ceid=US%3Aen|EBAY
2.0|./stories/CAAqOQgKIjNDQklTSURvSmMzUnZjbmt0TXpZd1NoTUtFUWlUMXN5QmtJQU1FWS0tZ0FsaFhhdTBLQUFQAQ?hl=en-US&gl=US&ceid=US%3Aen|EBAY
0.0|./stories/CAAqaAgKImJDQklTUXpvSmMzUnZjbmt0TXpZd1NqWUtFUWktOGZqLWo0QU1FWDlna3k1eGZWY0tFaUZGUVNCaGJtNXZkVzVqWlhNZ1UzUmhjaUJYWVhKek9pQlRjWFZoWkhKdmJuTW9BQVAB?hl=en-US&gl=US&ceid=US%3Aen|EA
1.0|./stories/CAAqOQgKIjNDQklTSURvSmMzUnZjbmt0TXpZd1NoTUtFUWloM1kyRGtJQU1FUnFnMFk2NEhOMkNLQUFQAQ?hl=en-US&gl=US&ceid=US%3Aen|EA
2.0|./stories/CAAqOQgKIjNDQklTSURvSmMzUnZjbmt0TXpZd1NoTUtFUWpjOVB1QmtJQU1FYXgzZUY0cDdudUFLQUFQAQ?hl=en-US&gl=US&ceid=US%3Aen|EA
3.0|./stories/CAAqaAgKImJDQklTUXpvSmMzUnZjbmt0TXpZd1NqWUtFUWo4elBEOWo0QU1FVk84dlZFTnoyV2NFaUZGUVNCaGJtNXZkVzVqWlhNZ1UzUmhjaUJYWVhKek9pQlRjWFZoWkhKdmJuTW9BQVAB?hl=en-US&gl=US&ceid=US%3Aen|EA
4.0|./stories/CAAqOQgKIjNDQklTSURvSmMzUnZjbmt0TXpZd1NoTUtFUWlzdVpxQ2tJQU1FYlRXdjhJSUlVNnJLQUFQAQ?hl=en-US&gl=US&ceid=US%3Aen|EA
5.0|./stories/CAAqOQgKIjNDQklTSURvSmMzUnZjbmt0TXpZd1NoTUtFUWlubnYyQmtJQU1FZTB2eTJtZXd3N2dLQUFQAQ?hl=en-US&gl=US&ceid=US%3Aen|EA
6.0|./stories/CAAqOQgKIjNDQklTSURvSmMzUnZjbmt0TXpZd1NoTUtFUWpJaG9pQ2tJQU1FUnhwWC0zWVJpZ09LQUFQAQ?hl=en-US&gl=US&ceid=US%3Aen|EA
7.0|./stories/CAAqOQgKIjNDQklTSURvSmMzUnZjbmt0TXpZd1NoTUtFUWoxcFlEWGo0QU1FVmVncWc4YUhreXBLQUFQAQ?hl=en-US&gl=US&ceid=US%3Aen|EA
8.0|./stories/CAAqOQgKIjNDQklTSURvSmMzUnZjbmt0TXpZd1NoTUtFUWo5aUp6V2o0QU1FZDNjX0VGdnk5RXFLQUFQAQ?hl=en-US&gl=US&ceid=US%3Aen|EA
0.0|./stories/CAAqOQgKIjNDQklTSURvSmMzUnZjbmt0TXpZd1NoTUtFUWl2OV91QmtJQU1FY0trWXBMLWVXRjdLQUFQAQ?hl=en-US&gl=US&ceid=US%3Aen|EXC
0.0|./stories/CAAqOQgKIjNDQklTSURvSmMzUnZjbmt0TXpZd1NoTUtFUWlDMXFtbGo0QU1FVTFtNks3VG1PenZLQUFQAQ?hl=en-US&gl=US&ceid=US%3Aen|EXPE
0.0|./stories/CAAqOQgKIjNDQklTSURvSmMzUnZjbmt0TXpZd1NoTUtFUWppNlp5QmtJQU1FZjlXTTRWMVZmSHdLQUFQAQ?hl=en-US&gl=US&ceid=US%3Aen|GILD
1.0|./stories/CAAqOQgKIjNDQklTSURvSmMzUnZjbmt0TXpZd1NoTUtFUWo4dGVHQmtJQU1FVjJhR3R3UDlkNElLQUFQAQ?hl=en-US&gl=US&ceid=US%3Aen|GILD
2.0|./stories/CAAqOQgKIjNDQklTSURvSmMzUnZjbmt0TXpZd1NoTUtFUWluNS1IOWo0QU1FZWlPSlp3cmpXU3BLQUFQAQ?hl=en-US&gl=US&ceid=US%3Aen|GILD
3.0|./stories/CAAqOQgKIjNDQklTSURvSmMzUnZjbmt0TXpZd1NoTUtFUWlpMGFHRGtJQU1FUl9CTjFvUThuallLQUFQAQ?hl=en-US&gl=US&ceid=US%3Aen|GILD
4.0|./stories/CAAqOQgKIjNDQklTSURvSmMzUnZjbmt0TXpZd1NoTUtFUWplellyZGo0QU1FYU5TM20wMHptWHpLQUFQAQ?hl=en-US&gl=US&ceid=US%3Aen|GILD
5.0|./stories/CAAqOQgKIjNDQklTSURvSmMzUnZjbmt0TXpZd1NoTUtFUWkwNHFIUmo0QU1FVVlreEJRUjFheU9LQUFQAQ?hl=en-US&gl=US&ceid=US%3Aen|GILD
0.0|./stories/CAAqZggKImBDQklTUWpvSmMzUnZjbmt0TXpZd1NqVUtFUWpXcHU2Q2tJQU1FWDdwaHNjeUdKUFNFaUJSZFdGc1kyOXRiU2R6SUZKQ05TQnliMkp2ZEdsamN5QndiR0YwWm05eWJTZ0FQAQ?hl=en-US&gl=US&ceid=US%3Aen|INTC
1.0|./stories/CAAqdQgKIm9DQklTVFRvSmMzUnZjbmt0TXpZd1NrQUtFUWlQdHQ2Q2tJQU1FWVJRcTdlNHU2UGtFaXRCU1NCaGMzTmxkQ0J0WVc1aFoyVnlJRkJoWjJGNVlTQnlZV2x6WlhNZ0pERXdNaUJ0YVd4c2FXOXVLQUFQAQ?hl=en-US&gl=US&ceid=US%3Aen|INTC
2.0|./stories/CAAqOQgKIjNDQklTSURvSmMzUnZjbmt0TXpZd1NoTUtFUWlCOWNlQ2tJQU1FYzZKcEt0WkVNYU9LQUFQAQ?hl=en-US&gl=US&ceid=US%3Aen|INTC
3.0|./stories/CAAqOQgKIjNDQklTSURvSmMzUnZjbmt0TXpZd1NoTUtFUWlKblBPQmtJQU1FVEFWWFVzM2dTQVZLQUFQAQ?hl=en-US&gl=US&ceid=US%3Aen|INTC
4.0|./stories/CAAqOQgKIjNDQklTSURvSmMzUnZjbmt0TXpZd1NoTUtFUWlmb1B2X2o0QU1FWWpqOU5idjFmbHhLQUFQAQ?hl=en-US&gl=US&ceid=US%3Aen|INTC
5.0|./stories/CAAqVggKIlBDQklTTmpvSmMzUnZjbmt0TXpZd1Npa0tFUWk1c01TQ2tJQU1FZGFqZTV4b2xPX2JFaFJQZFhSeVpXRmphQ0J5WVdselpYTWdKRFV3VFNnQVAB?hl=en-US&gl=US&ceid=US%3Aen|INTC
6.0|./stories/CAAqOQgKIjNDQklTSURvSmMzUnZjbmt0TXpZd1NoTUtFUWlmam9LQ2tJQU1FV3NkY0tqcC1ySmVLQUFQAQ?hl=en-US&gl=US&ceid=US%3Aen|INTC
7.0|./stories/CAAqOQgKIjNDQklTSURvSmMzUnZjbmt0TXpZd1NoTUtFUWplbXZpQ2tJQU1FZkQwNkVRZFBERVhLQUFQAQ?hl=en-US&gl=US&ceid=US%3Aen|INTC
8.0|./stories/CAAqOQgKIjNDQklTSURvSmMzUnZjbmt0TXpZd1NoTUtFUWpfOW9tQ2tJQU1FYUdPQnNzYUlJUTNLQUFQAQ?hl=en-US&gl=US&ceid=US%3Aen|INTC
9.0|./stories/CAAqOQgKIjNDQklTSURvSmMzUnZjbmt0TXpZd1NoTUtFUWppNlp5QmtJQU1FYzJjNkE5OWpUVjFLQUFQAQ?hl=en-US&gl=US&ceid=US%3Aen|INTC
10.0|./stories/CAAqOQgKIjNDQklTSURvSmMzUnZjbmt0TXpZd1NoTUtFUWo0d2YyQmtJQU1FWkdqNWx2SUxYRGtLQUFQAQ?hl=en-US&gl=US&ceid=US%3Aen|INTC
11.0|./stories/CAAqbQgKImdDQklTUnpvSmMzUnZjbmt0TXpZd1Nqb0tFUWp6Z182QWtJQU1FY1huNUxDLXN2NXJFaVZCWkc5aVpTQjFjR1JoZEdWeklGQm9iM1J2YzJodmNDQmhibVFnVEdsbmFIUnliMjl0S0FBUAE?hl=en-US&gl=US&ceid=US%3Aen|INTC
12.0|./stories/CAAqZggKImBDQklTUWpvSmMzUnZjbmt0TXpZd1NqVUtFUWlzZ3ZtQmtJQU1FZm1SYnowcEdBcE1FaUJUWVd4MElGTmxZM1Z5YVhSNUlISmhhWE5sY3lBa01qQWdiV2xzYkdsdmJpZ0FQAQ?hl=en-US&gl=US&ceid=US%3Aen|INTC
13.0|./stories/CAAqOQgKIjNDQklTSURvSmMzUnZjbmt0TXpZd1NoTUtFUWpMeWRtQmtJQU1FVjF0WWJIVFNvVGVLQUFQAQ?hl=en-US&gl=US&ceid=US%3Aen|INTC
0.0|./stories/CAAqOQgKIjNDQklTSURvSmMzUnZjbmt0TXpZd1NoTUtFUWpRX2Y2Q2tJQU1FU1JhMERGMG92bXhLQUFQAQ?hl=en-US&gl=US&ceid=US%3Aen|JD
1.0|./stories/CAAqgAEICiJ6Q0JJU1ZUb0pjM1J2Y25rdE16WXdTa2dLRVFpNDEtLUJrSUFNRVNPdVNBeGhFZ0dRRWpORGFHbHVZU0JoYm01dmRXNWpaWE1nYm1GMGFXOXVZV3dnYzJWamRYSnBkSGtnYkdGM0lHWnZjaUJJYjI1bklFdHZibWNvQUFQAQ?hl=en-US&gl=US&ceid=US%3Aen|JD
0.0|./stories/CAAqOQgKIjNDQklTSURvSmMzUnZjbmt0TXpZd1NoTUtFUWluOHY2QmtJQU1FV0FUOU1tbHROTjVLQUFQAQ?hl=en-US&gl=US&ceid=US%3Aen|LRCX
0.0|./stories/CAAqOQgKIjNDQklTSURvSmMzUnZjbmt0TXpZd1NoTUtFUWprbFBLQWtJQU1FUTZmbktwM3I4ZXdLQUFQAQ?hl=en-US&gl=US&ceid=US%3Aen|LULU
0.0|./stories/CAAqOQgKIjNDQklTSURvSmMzUnZjbmt0TXpZd1NoTUtFUWlTaks3OWo0QU1FZGFtc29rT0ZLSXpLQUFQAQ?hl=en-US&gl=US&ceid=US%3Aen|MSFT
1.0|./stories/CAAqOQgKIjNDQklTSURvSmMzUnZjbmt0TXpZd1NoTUtFUWl1amF1QmtJQU1FWkwtNXNBUExzclhLQUFQAQ?hl=en-US&gl=US&ceid=US%3Aen|MSFT
2.0|./stories/CAAqOQgKIjNDQklTSURvSmMzUnZjbmt0TXpZd1NoTUtFUWl4dVppQ2tJQU1FZmJ2UjA5djk0bjBLQUFQAQ?hl=en-US&gl=US&ceid=US%3Aen|MSFT
3.0|./stories/CAAqOQgKIjNDQklTSURvSmMzUnZjbmt0TXpZd1NoTUtFUWllMjVhQmtJQU1FY3l5QVhvX0FnNzdLQUFQAQ?hl=en-US&gl=US&ceid=US%3Aen|MSFT
4.0|./stories/CAAqOQgKIjNDQklTSURvSmMzUnZjbmt0TXpZd1NoTUtFUWpwalptQ2tJQU1FVE9wVkkwN1JTZHpLQUFQAQ?hl=en-US&gl=US&ceid=US%3Aen|MSFT
5.0|./stories/CAAqOQgKIjNDQklTSURvSmMzUnZjbmt0TXpZd1NoTUtFUWpPc0x1Q2tJQU1FV0JLRTlFckVKUExLQUFQAQ?hl=en-US&gl=US&ceid=US%3Aen|MSFT
6.0|./stories/CAAqOQgKIjNDQklTSURvSmMzUnZjbmt0TXpZd1NoTUtFUWo3cmNIX2o0QU1FWkhiZFZGTWVwUmpLQUFQAQ?hl=en-US&gl=US&ceid=US%3Aen|MSFT
7.0|./stories/CAAqOQgKIjNDQklTSURvSmMzUnZjbmt0TXpZd1NoTUtFUWpreWJ2LWo0QU1FU2N3LThrTmk0WjNLQUFQAQ?hl=en-US&gl=US&ceid=US%3Aen|MSFT
8.0|./stories/CAAqOQgKIjNDQklTSURvSmMzUnZjbmt0TXpZd1NoTUtFUWlIMXNxQ2tJQU1FVXdCM1lXZl9xSDRLQUFQAQ?hl=en-US&gl=US&ceid=US%3Aen|MSFT
9.0|./stories/CAAqOQgKIjNDQklTSURvSmMzUnZjbmt0TXpZd1NoTUtFUWlWdDQ2RGtJQU1FZlNJTjIzMWhzaWVLQUFQAQ?hl=en-US&gl=US&ceid=US%3Aen|MSFT
10.0|./stories/CAAqOQgKIjNDQklTSURvSmMzUnZjbmt0TXpZd1NoTUtFUWlIb19tQ2tJQU1FWkhtcGdITkJjUWpLQUFQAQ?hl=en-US&gl=US&ceid=US%3Aen|MSFT
0.0|./stories/CAAqOQgKIjNDQklTSURvSmMzUnZjbmt0TXpZd1NoTUtFUWlHaHVPQmtJQU1FY2FrYUl2VVhNTlhLQUFQAQ?hl=en-US&gl=US&ceid=US%3Aen|NVDA
1.0|./stories/CAAqOQgKIjNDQklTSURvSmMzUnZjbmt0TXpZd1NoTUtFUWluOHY2QmtJQU1FZnVOejd2TEJIUk1LQUFQAQ?hl=en-US&gl=US&ceid=US%3Aen|NVDA
2.0|./stories/CAAqOQgKIjNDQklTSURvSmMzUnZjbmt0TXpZd1NoTUtFUWk2aE12LWo0QU1FUi1pLUNPdHhSWnBLQUFQAQ?hl=en-US&gl=US&ceid=US%3Aen|NVDA
3.0|./stories/CAAqOQgKIjNDQklTSURvSmMzUnZjbmt0TXpZd1NoTUtFUWloOU91Q2tJQU1FWnpvZk9KM21EZy1LQUFQAQ?hl=en-US&gl=US&ceid=US%3Aen|NVDA
0.0|./stories/CAAqaggKImRDQklTUlRvSmMzUnZjbmt0TXpZd1NqZ0tFUWlQazRPQmtJQU1FUWVqODA3SGhOemhFaU5PWlhjZ0oweHZjbVFnYjJZZ2RHaGxJRkpwYm1kekp5QnRiMkpwYkdVZ1oyRnRaU2dBUAE?hl=en-US&gl=US&ceid=US%3Aen|NTES
0.0|./stories/CAAqhQEICiJ_Q0JJU1dUb0pjM1J2Y25rdE16WXdTa3dLRVFqaG1QU0NrSUFNRWFUd3RRS2Ryc0RQRWpkT1pYUm1iR2w0SUVORlR5QlNaV1ZrSUVoaGMzUnBibWR6SUdSdmJtRjBaWE1nSkRFeU1DQnRhV3hzYVc5dUlIUnZJRWhDUTFWektBQVAB?hl=en-US&gl=US&ceid=US%3Aen|NFLX
1.0|./stories/CAAqOQgKIjNDQklTSURvSmMzUnZjbmt0TXpZd1NoTUtFUWlfdHZtQ2tJQU1FU2xLTFJId0RmNTZLQUFQAQ?hl=en-US&gl=US&ceid=US%3Aen|NFLX
2.0|./stories/CAAqXggKIlhDQklTUERvSmMzUnZjbmt0TXpZd1NpOEtFUWlMODRHRGtJQU1FYkFPek95bUpVYjNFaHBVY21GcGJHVnlJR1p2Y2lBbklGZGhjbkpwYjNJZ1RuVnVKeWdBUAE?hl=en-US&gl=US&ceid=US%3Aen|NFLX
3.0|./stories/CAAqOQgKIjNDQklTSURvSmMzUnZjbmt0TXpZd1NoTUtFUWpkdG91RGtJQU1FYXJ2d2liVXZkRWFLQUFQAQ?hl=en-US&gl=US&ceid=US%3Aen|NFLX
4.0|./stories/CAAqOQgKIjNDQklTSURvSmMzUnZjbmt0TXpZd1NoTUtFUWp6ak15Q2tJQU1FV1psU2RxTHNNYlFLQUFQAQ?hl=en-US&gl=US&ceid=US%3Aen|NFLX
5.0|./stories/CAAqOQgKIjNDQklTSURvSmMzUnZjbmt0TXpZd1NoTUtFUWoyekpxRGtJQU1FYU9CMEJxNWc1UWdLQUFQAQ?hl=en-US&gl=US&ceid=US%3Aen|NFLX
6.0|./stories/CAAqhQEICiJ_Q0JJU1dUb0pjM1J2Y25rdE16WXdTa3dLRVFqaG1QU0NrSUFNRWFUd3RRS2Ryc0RQRWpkT1pYUm1iR2w0SUVORlR5QlNaV1ZrSUVoaGMzUnBibWR6SUdSdmJtRjBaWE1nSkRFeU1DQnRhV3hzYVc5dUlIUnZJRWhDUTFWektBQVAB?hl=en-US&gl=US&ceid=US%3Aen|NFLX
7.0|./stories/CAAqOQgKIjNDQklTSURvSmMzUnZjbmt0TXpZd1NoTUtFUWpkdG91RGtJQU1FYXJ2d2liVXZkRWFLQUFQAQ?hl=en-US&gl=US&ceid=US%3Aen|NFLX
8.0|./stories/CAAqOQgKIjNDQklTSURvSmMzUnZjbmt0TXpZd1NoTUtFUWk3aTV1Q2tJQU1FVlNuTFduckY4dXZLQUFQAQ?hl=en-US&gl=US&ceid=US%3Aen|NFLX
9.0|./stories/CAAqOQgKIjNDQklTSURvSmMzUnZjbmt0TXpZd1NoTUtFUWoyekpxRGtJQU1FYU9CMEJxNWc1UWdLQUFQAQ?hl=en-US&gl=US&ceid=US%3Aen|NFLX
10.0|./stories/CAAqOQgKIjNDQklTSURvSmMzUnZjbmt0TXpZd1NoTUtFUWp6ak15Q2tJQU1FV1psU2RxTHNNYlFLQUFQAQ?hl=en-US&gl=US&ceid=US%3Aen|NFLX
11.0|./stories/CAAqhQEICiJ_Q0JJU1dUb0pjM1J2Y25rdE16WXdTa3dLRVFqaG1QU0NrSUFNRWFUd3RRS2Ryc0RQRWpkT1pYUm1iR2w0SUVORlR5QlNaV1ZrSUVoaGMzUnBibWR6SUdSdmJtRjBaWE1nSkRFeU1DQnRhV3hzYVc5dUlIUnZJRWhDUTFWektBQVAB?hl=en-US&gl=US&ceid=US%3Aen|NFLX
12.0|./stories/CAAqOQgKIjNDQklTSURvSmMzUnZjbmt0TXpZd1NoTUtFUWlfdHZtQ2tJQU1FU2xLTFJId0RmNTZLQUFQAQ?hl=en-US&gl=US&ceid=US%3Aen|NFLX
13.0|./stories/CAAqXggKIlhDQklTUERvSmMzUnZjbmt0TXpZd1NpOEtFUWlMODRHRGtJQU1FYkFPek95bUpVYjNFaHBVY21GcGJHVnlJR1p2Y2lBbklGZGhjbkpwYjNJZ1RuVnVKeWdBUAE?hl=en-US&gl=US&ceid=US%3Aen|NFLX
14.0|./stories/CAAqOQgKIjNDQklTSURvSmMzUnZjbmt0TXpZd1NoTUtFUWpkdG91RGtJQU1FYXJ2d2liVXZkRWFLQUFQAQ?hl=en-US&gl=US&ceid=US%3Aen|NFLX
15.0|./stories/CAAqeAgKInJDQklTVHpvSmMzUnZjbmt0TXpZd1NrSUtFUWplb18yQmtJQU1FZE40eFNlSUtaUmpFaTFVYUdVZ1ZXMWljbVZzYkdFZ1FXTmhaR1Z0ZVNCVFpXRnpiMjRnTWlCd2FHOTBiM01nY21Wc1pXRnpaV1FvQUFQAQ?hl=en-US&gl=US&ceid=US%3Aen|NFLX
16.0|./stories/CAAqZAgKIl5DQklTUURvSmMzUnZjbmt0TXpZd1NqTUtFUWlGc0phQ2tJQU1FVlZJdGVHLXJ0LWtFaDVPWlhSbWJHbDRJSEIxYkd4eklHSnNZV05yWm1GalpTQnphMlYwWTJnb0FBUAE?hl=en-US&gl=US&ceid=US%3Aen|NFLX
17.0|./stories/CAAqOQgKIjNDQklTSURvSmMzUnZjbmt0TXpZd1NoTUtFUWk3aTV1Q2tJQU1FVlNuTFduckY4dXZLQUFQAQ?hl=en-US&gl=US&ceid=US%3Aen|NFLX
18.0|./stories/CAAqOQgKIjNDQklTSURvSmMzUnZjbmt0TXpZd1NoTUtFUWpXajhHQ2tJQU1FZmJ0NGk1RnFuZHBLQUFQAQ?hl=en-US&gl=US&ceid=US%3Aen|NFLX
19.0|./stories/CAAqOQgKIjNDQklTSURvSmMzUnZjbmt0TXpZd1NoTUtFUWpSLU5HQ2tJQU1FWklrWEd5aF95VFRLQUFQAQ?hl=en-US&gl=US&ceid=US%3Aen|NFLX
20.0|./stories/CAAqOQgKIjNDQklTSURvSmMzUnZjbmt0TXpZd1NoTUtFUWpGMlplQmtJQU1FUjItNWROcTZYcjRLQUFQAQ?hl=en-US&gl=US&ceid=US%3Aen|NFLX
21.0|./stories/CAAqOQgKIjNDQklTSURvSmMzUnZjbmt0TXpZd1NoTUtFUWpueUtPRGtJQU1FUzNCTi1SX1BaWlBLQUFQAQ?hl=en-US&gl=US&ceid=US%3Aen|NFLX
22.0|./stories/CAAqOQgKIjNDQklTSURvSmMzUnZjbmt0TXpZd1NoTUtFUWljbEx5QmtJQU1FY3p2MGswdEJZRmpLQUFQAQ?hl=en-US&gl=US&ceid=US%3Aen|NFLX
0.0|./stories/CAAqOQgKIjNDQklTSURvSmMzUnZjbmt0TXpZd1NoTUtFUWlibTRXQ2tJQU1FU050QTJ6NlJOeWhLQUFQAQ?hl=en-US&gl=US&ceid=US%3Aen|PYPL
0.0|./stories/CAAqZggKImBDQklTUWpvSmMzUnZjbmt0TXpZd1NqVUtFUWprdE9xQ2tJQU1FUU5pWmxWWXlLdDRFaUJCZFc1MElFcGxiV2x0WVNCaWNtRnVaQ0IwYnlCamFHRnVaMlVnYm1GdFpTZ0FQAQ?hl=en-US&gl=US&ceid=US%3Aen|PEP
0.0|./stories/CAAqgQEICiJ7Q0JJU1Zqb0pjM1J2Y25rdE16WXdTa2tLRVFpNjZiNkNrSUFNRWNmejBaVU1jSEZzRWpSUmRXRnNZMjl0YlNCaGJtNXZkVzVqWlhNZ1UyNWhjR1J5WVdkdmJpQTJPVEFnTlVjZ2JXOWlhV3hsSUhCc1lYUm1iM0p0S0FBUAE?hl=en-US&gl=US&ceid=US%3Aen|QCOM
1.0|./stories/CAAqZggKImBDQklTUWpvSmMzUnZjbmt0TXpZd1NqVUtFUWpXcHU2Q2tJQU1FVmNkbm12Z0VFN3dFaUJSZFdGc1kyOXRiU2R6SUZKQ05TQnliMkp2ZEdsamN5QndiR0YwWm05eWJTZ0FQAQ?hl=en-US&gl=US&ceid=US%3Aen|QCOM
2.0|./stories/CAAqOQgKIjNDQklTSURvSmMzUnZjbmt0TXpZd1NoTUtFUWluOHY2QmtJQU1FV0FUOU1tbHROTjVLQUFQAQ?hl=en-US&gl=US&ceid=US%3Aen|QCOM
3.0|./stories/CAAqOQgKIjNDQklTSURvSmMzUnZjbmt0TXpZd1NoTUtFUWlrbTRhQmtJQU1FZU5ad091aUZtd1hLQUFQAQ?hl=en-US&gl=US&ceid=US%3Aen|QCOM
4.0|./stories/CAAqeggKInRDQklTVVRvSmMzUnZjbmt0TXpZd1NrUUtFUWo4allLQ2tJQU1FU1JhSHRiODhtREJFaTlNWlc1dmRtOG5jeUJHYkdWNElEVkhJR2x6SUhSb1pTQjNiM0pzWkNkeklHWnBjbk4wSURWSElHeGhjSFJ2Y0NnQVAB?hl=en-US&gl=US&ceid=US%3Aen|QCOM
0.0|./stories/CAAqOQgKIjNDQklTSURvSmMzUnZjbmt0TXpZd1NoTUtFUWpCckl5Q2tJQU1FUUFYQWhYUDZFYkVLQUFQAQ?hl=en-US&gl=US&ceid=US%3Aen|ROST
0.0|./stories/CAAqYQgKIltDQklTUGpvSmMzUnZjbmt0TXpZd1NqRUtFUWpNX182Q2tJQU1FUUpqQTBjVDNzLTdFaHhUYVhKcGRYTllUU0JoWTNGMWFYSmxjeUJUYVcxd2JHVmpZWE4wS0FBUAE?hl=en-US&gl=US&ceid=US%3Aen|SIRI
1.0|./stories/CAAqOQgKIjNDQklTSURvSmMzUnZjbmt0TXpZd1NoTUtFUWkyd0ltRGtJQU1FUmhCSlBrYTNBMHNLQUFQAQ?hl=en-US&gl=US&ceid=US%3Aen|SIRI
0.0|./stories/CAAqOQgKIjNDQklTSURvSmMzUnZjbmt0TXpZd1NoTUtFUWlIMi1MOWo0QU1FVUhrSy1TTlBPSHRLQUFQAQ?hl=en-US&gl=US&ceid=US%3Aen|SBUX
1.0|./stories/CAAqOQgKIjNDQklTSURvSmMzUnZjbmt0TXpZd1NoTUtFUWoxNE1UN2o0QU1FUWNGbExORW1ianNLQUFQAQ?hl=en-US&gl=US&ceid=US%3Aen|SBUX
2.0|./stories/CAAqOQgKIjNDQklTSURvSmMzUnZjbmt0TXpZd1NoTUtFUWpWNmRlQmtJQU1FV2tYeGZyak54TGpLQUFQAQ?hl=en-US&gl=US&ceid=US%3Aen|SBUX
3.0|./stories/CAAqOQgKIjNDQklTSURvSmMzUnZjbmt0TXpZd1NoTUtFUWo4Mk9PQ2tJQU1FU3hKR1NsQ0tfQjdLQUFQAQ?hl=en-US&gl=US&ceid=US%3Aen|SBUX
4.0|./stories/CAAqOQgKIjNDQklTSURvSmMzUnZjbmt0TXpZd1NoTUtFUWpSbjY3OWo0QU1FVDVVbzh0bk8yelVLQUFQAQ?hl=en-US&gl=US&ceid=US%3Aen|SBUX
0.0|./stories/CAAqOQgKIjNDQklTSURvSmMzUnZjbmt0TXpZd1NoTUtFUWpKckl2LWo0QU1FUmhaM3BHLTg0WVBLQUFQAQ?hl=en-US&gl=US&ceid=US%3Aen|TTWO
1.0|./stories/CAAqOQgKIjNDQklTSURvSmMzUnZjbmt0TXpZd1NoTUtFUWo2bmNLaWo0QU1FZkNocTBNSldqOXdLQUFQAQ?hl=en-US&gl=US&ceid=US%3Aen|TTWO
0.0|./stories/CAAqOQgKIjNDQklTSURvSmMzUnZjbmt0TXpZd1NoTUtFUWpSbU9pQmtJQU1FWG9jMk1EVmg0YlJLQUFQAQ?hl=en-US&gl=US&ceid=US%3Aen|TSLA
1.0|./stories/CAAqOQgKIjNDQklTSURvSmMzUnZjbmt0TXpZd1NoTUtFUWppMEpTRGtJQU1FUjg2U2FTVk9uaGxLQUFQAQ?hl=en-US&gl=US&ceid=US%3Aen|TSLA
2.0|./stories/CAAqOQgKIjNDQklTSURvSmMzUnZjbmt0TXpZd1NoTUtFUWlac01TQ2tJQU1FUmNSbTdlUHJSZjlLQUFQAQ?hl=en-US&gl=US&ceid=US%3Aen|TSLA
3.0|./stories/CAAqZggKImBDQklTUWpvSmMzUnZjbmt0TXpZd1NqVUtFUWp3bUtpQ2tJQU1FZDRjMkJtR0ZlVGJFaUJVWlhOc1lTd2dVR0Z1WVhOdmJtbGpJR2x1SUdKaGRIUmxjbmtnWkdWaGJDZ0FQAQ?hl=en-US&gl=US&ceid=US%3Aen|TSLA
4.0|./stories/CAAqaAgKImJDQklTUXpvSmMzUnZjbmt0TXpZd1NqWUtFUWpIbE5pQmtJQU1FWTRjSm9scUJId2dFaUZVWlhOc1lTQjBieUJpZFhrZ1kyOWlZV3gwSUdaeWIyMGdSMnhsYm1OdmNtVW9BQVAB?hl=en-US&gl=US&ceid=US%3Aen|TSLA
5.0|./stories/CAAqOQgKIjNDQklTSURvSmMzUnZjbmt0TXpZd1NoTUtFUWpFNmZxQWtJQU1FZXl2ajA2ak1mb2dLQUFQAQ?hl=en-US&gl=US&ceid=US%3Aen|TSLA
6.0|./stories/CAAqOQgKIjNDQklTSURvSmMzUnZjbmt0TXpZd1NoTUtFUWlYNGJDQWtJQU1FVXQ0Sm01cnpVREFLQUFQAQ?hl=en-US&gl=US&ceid=US%3Aen|TSLA
7.0|./stories/CAAqOQgKIjNDQklTSURvSmMzUnZjbmt0TXpZd1NoTUtFUWoyamRxQmtJQU1FVG9LOUsyWXhac21LQUFQAQ?hl=en-US&gl=US&ceid=US%3Aen|TSLA
8.0|./stories/CAAqOQgKIjNDQklTSURvSmMzUnZjbmt0TXpZd1NoTUtFUWpPeF9mLWo0QU1FYTdSOFZ5SzRiRHNLQUFQAQ?hl=en-US&gl=US&ceid=US%3Aen|TSLA
9.0|./stories/CAAqOQgKIjNDQklTSURvSmMzUnZjbmt0TXpZd1NoTUtFUWp4OS15QWtJQU1FZC1hOGNGanU2M1hLQUFQAQ?hl=en-US&gl=US&ceid=US%3Aen|TSLA
10.0|./stories/CAAqOQgKIjNDQklTSURvSmMzUnZjbmt0TXpZd1NoTUtFUWlGMm9XRGtJQU1FYk83bW5rY2FIWllLQUFQAQ?hl=en-US&gl=US&ceid=US%3Aen|TSLA
11.0|./stories/CAAqOQgKIjNDQklTSURvSmMzUnZjbmt0TXpZd1NoTUtFUWpWc1A3M2o0QU1FZnllX2FQOF9fX0lLQUFQAQ?hl=en-US&gl=US&ceid=US%3Aen|TSLA
12.0|./stories/CAAqOQgKIjNDQklTSURvSmMzUnZjbmt0TXpZd1NoTUtFUWk1bzdUYmo0QU1FZXU2OU5NdUk4RlpLQUFQAQ?hl=en-US&gl=US&ceid=US%3Aen|TSLA
0.0|./stories/CAAqOQgKIjNDQklTSURvSmMzUnZjbmt0TXpZd1NoTUtFUWp0djR1QmtJQU1FU2ozeEIwcFpNTlJLQUFQAQ?hl=en-US&gl=US&ceid=US%3Aen|UAL
0.0|./stories/CAAqOQgKIjNDQklTSURvSmMzUnZjbmt0TXpZd1NoTUtFUWpVc091Q2tJQU1FUXRPOWlLa1NLQTFLQUFQAQ?hl=en-US&gl=US&ceid=US%3Aen|VRTX
0.0|./stories/CAAqOQgKIjNDQklTSURvSmMzUnZjbmt0TXpZd1NoTUtFUWlpbnJhQ2tJQU1FWGVPRXBpaExrc2FLQUFQAQ?hl=en-US&gl=US&ceid=US%3Aen|WDAY
1.0|./stories/CAAqOQgKIjNDQklTSURvSmMzUnZjbmt0TXpZd1NoTUtFUWl6aDlxQ2o0QU1FVUdISmhLT2VUOUxLQUFQAQ?hl=en-US&gl=US&ceid=US%3Aen|GOOG
3.0|./stories/CAAqOQgKIjNDQklTSURvSmMzUnZjbmt0TXpZd1NoTUtFUWlSeUpxQ2tJQU1FZFZVVngxNUQ4NFJLQUFQAQ?hl=en-US&gl=US&ceid=US%3Aen|AAPL
4.0|./stories/CAAqYQgKIltDQklTUGpvSmMzUnZjbmt0TXpZd1NqRUtFUWpOcXNHQ2tJQU1FYndaY21LOFhxR0dFaHhFYVhabGNuTnBkSGtnWTJocFpXWWdiR1ZoZG1WeklFRndjR3hsS0FBUAE?hl=en-US&gl=US&ceid=US%3Aen|AAPL
5.0|./stories/CAAqOQgKIjNDQklTSURvSmMzUnZjbmt0TXpZd1NoTUtFUWo4dmJ2LWo0QU1FZnBOSTB4S0ZHU3ZLQUFQAQ?hl=en-US&gl=US&ceid=US%3Aen|AAPL
6.0|./stories/CAAqOQgKIjNDQklTSURvSmMzUnZjbmt0TXpZd1NoTUtFUWlGaDZHRGtJQU1FVV9JTHVqVXE0ZjNLQUFQAQ?hl=en-US&gl=US&ceid=US%3Aen|AAPL
7.0|./stories/CAAqOQgKIjNDQklTSURvSmMzUnZjbmt0TXpZd1NoTUtFUWo0OXFlQ2tJQU1FU3lfc0hrMDRFWXJLQUFQAQ?hl=en-US&gl=US&ceid=US%3Aen|AAPL
8.0|./stories/CAAqOQgKIjNDQklTSURvSmMzUnZjbmt0TXpZd1NoTUtFUWlNdXNHQ2tJQU1FYmV6azNMNXkwcVJLQUFQAQ?hl=en-US&gl=US&ceid=US%3Aen|AAPL
9.0|./stories/CAAqOQgKIjNDQklTSURvSmMzUnZjbmt0TXpZd1NoTUtFUWlxeTZhRGtJQU1FVmdUSUFIRTRnT3lLQUFQAQ?hl=en-US&gl=US&ceid=US%3Aen|AAPL
10.0|./stories/CAAqeggKInRDQklTVVRvSmMzUnZjbmt0TXpZd1NrUUtFUWk0d182QmtJQU1FY2lzdGNPcVZvTlRFaTlCY0hCc1pTQmhibTV2ZFc1alpYTWdVM2RwWm5RZ1UzUjFaR1Z1ZENCRGFHRnNiR1Z1WjJVZ2QybHVibVZ5Y3lnQVAB?hl=en-US&gl=US&ceid=US%3Aen|AAPL
11.0|./stories/CAAqOQgKIjNDQklTSURvSmMzUnZjbmt0TXpZd1NoTUtFUWlMbUxLQmtJQU1FWll5ZXV6WlNGYlFLQUFQAQ?hl=en-US&gl=US&ceid=US%3Aen|AAPL
12.0|./stories/CAAqOQgKIjNDQklTSURvSmMzUnZjbmt0TXpZd1NoTUtFUWpKOFlhRGtJQU1FY0ltbGtEMUc2TVNLQUFQAQ?hl=en-US&gl=US&ceid=US%3Aen|AAPL
13.0|./stories/CAAqOQgKIjNDQklTSURvSmMzUnZjbmt0TXpZd1NoTUtFUWp4OEpILWo0QU1FVS1JbHVpcmhTc2pLQUFQAQ?hl=en-US&gl=US&ceid=US%3Aen|AAPL
14.0|./stories/CAAqOQgKIjNDQklTSURvSmMzUnZjbmt0TXpZd1NoTUtFUWpYLU52Nmo0QU1FZFMyNUN6TXB1c0pLQUFQAQ?hl=en-US&gl=US&ceid=US%3Aen|AAPL
15.0|./stories/CAAqOQgKIjNDQklTSURvSmMzUnZjbmt0TXpZd1NoTUtFUWlsdG83NGo0QU1FUkhYNUJqMUVFSk9LQUFQAQ?hl=en-US&gl=US&ceid=US%3Aen|AAPL
16.0|./stories/CAAqOQgKIjNDQklTSURvSmMzUnZjbmt0TXpZd1NoTUtFUWpUOThDQ2tJQU1FUTd6akZESm1JRDhLQUFQAQ?hl=en-US&gl=US&ceid=US%3Aen|AAPL
17.0|./stories/CAAqOQgKIjNDQklTSURvSmMzUnZjbmt0TXpZd1NoTUtFUWpHdVlHRGtJQU1FVV82QUdrM2RWQW1LQUFQAQ?hl=en-US&gl=US&ceid=US%3Aen|AAPL
18.0|./stories/CAAqOQgKIjNDQklTSURvSmMzUnZjbmt0TXpZd1NoTUtFUWptcmVQOGo0QU1FUWZpdzF6MDlWaDRLQUFQAQ?hl=en-US&gl=US&ceid=US%3Aen|AAPL
19.0|./stories/CAAqOQgKIjNDQklTSURvSmMzUnZjbmt0TXpZd1NoTUtFUWlUMHRyOWo0QU1FUTZ3aTc3N0s2cGxLQUFQAQ?hl=en-US&gl=US&ceid=US%3Aen|AAPL
0.0|./stories/CAAqOQgKIjNDQklTSURvSmMzUnZjbmt0TXpZd1NoTUtFUWlheXU3UWo0QU1FZEhLS0I2QmdfcVlLQUFQAQ?hl=en-US&gl=US&ceid=US%3Aen|COST
0.0|./stories/CAAqOQgKIjNDQklTSURvSmMzUnZjbmt0TXpZd1NoTUtFUWl2OV91QmtJQU1FZTllTjE3aF9PalpLQUFQAQ?hl=en-US&gl=US&ceid=US%3Aen|EXC
4.0|./stories/CAAqOQgKIjNDQklTSURvSmMzUnZjbmt0TXpZd1NoTUtFUWlubnYyQmtJQU1FZTB2eTJtZXd3N2dLQUFQAQ?hl=en-US&gl=US&ceid=US%3Aen|EA
5.0|./stories/CAAqOQgKIjNDQklTSURvSmMzUnZjbmt0TXpZd1NoTUtFUWlzdVpxQ2tJQU1FYlRXdjhJSUlVNnJLQUFQAQ?hl=en-US&gl=US&ceid=US%3Aen|EA
7.0|./stories/CAAqOQgKIjNDQklTSURvSmMzUnZjbmt0TXpZd1NoTUtFUWo5aUp6V2o0QU1FZDlPOTlFVC1KUzZLQUFQAQ?hl=en-US&gl=US&ceid=US%3Aen|EA
8.0|./stories/CAAqOQgKIjNDQklTSURvSmMzUnZjbmt0TXpZd1NoTUtFUWoxcFlEWGo0QU1FVmVncWc4YUhreXBLQUFQAQ?hl=en-US&gl=US&ceid=US%3Aen|EA
2.0|./stories/CAAqOQgKIjNDQklTSURvSmMzUnZjbmt0TXpZd1NoTUtFUWluNS1IOWo0QU1FZmgwMjZoNkVndFZLQUFQAQ?hl=en-US&gl=US&ceid=US%3Aen|GILD
3.0|./stories/CAAqYAgKIlpDQklTUFRvSmMzUnZjbmt0TXpZd1NqQUtFUWlpMGFHRGtJQU1FUXF6MGtSRHZ6Y2dFaHRIYVd4bFlXUWdkRzhnYzNSMVpIa2dhVzRnWTJocGJHUnlaVzRvQUFQAQ?hl=en-US&gl=US&ceid=US%3Aen|GILD
4.0|./stories/CAAqVggKIlBDQklTTmpvSmMzUnZjbmt0TXpZd1Npa0tFUWk1c01TQ2tJQU1FZGFqZTV4b2xPX2JFaFJQZFhSeVpXRmphQ0J5WVdselpYTWdKRFV3VFNnQVAB?hl=en-US&gl=US&ceid=US%3Aen|INTC
5.0|./stories/CAAqOQgKIjNDQklTSURvSmMzUnZjbmt0TXpZd1NoTUtFUWlmam9LQ2tJQU1FV3NkY0tqcC1ySmVLQUFQAQ?hl=en-US&gl=US&ceid=US%3Aen|INTC
6.0|./stories/CAAqOQgKIjNDQklTSURvSmMzUnZjbmt0TXpZd1NoTUtFUWplbXZpQ2tJQU1FZkQwNkVRZFBERVhLQUFQAQ?hl=en-US&gl=US&ceid=US%3Aen|INTC
7.0|./stories/CAAqOQgKIjNDQklTSURvSmMzUnZjbmt0TXpZd1NoTUtFUWpfOW9tQ2tJQU1FYUdPQnNzYUlJUTNLQUFQAQ?hl=en-US&gl=US&ceid=US%3Aen|INTC
8.0|./stories/CAAqOQgKIjNDQklTSURvSmMzUnZjbmt0TXpZd1NoTUtFUWppNlp5QmtJQU1FYzJjNkE5OWpUVjFLQUFQAQ?hl=en-US&gl=US&ceid=US%3Aen|INTC
9.0|./stories/CAAqOQgKIjNDQklTSURvSmMzUnZjbmt0TXpZd1NoTUtFUWo0d2YyQmtJQU1FWkdqNWx2SUxYRGtLQUFQAQ?hl=en-US&gl=US&ceid=US%3Aen|INTC
10.0|./stories/CAAqbQgKImdDQklTUnpvSmMzUnZjbmt0TXpZd1Nqb0tFUWp6Z182QWtJQU1FY1huNUxDLXN2NXJFaVZCWkc5aVpTQjFjR1JoZEdWeklGQm9iM1J2YzJodmNDQmhibVFnVEdsbmFIUnliMjl0S0FBUAE?hl=en-US&gl=US&ceid=US%3Aen|INTC
11.0|./stories/CAAqZggKImBDQklTUWpvSmMzUnZjbmt0TXpZd1NqVUtFUWlzZ3ZtQmtJQU1FZm1SYnowcEdBcE1FaUJUWVd4MElGTmxZM1Z5YVhSNUlISmhhWE5sY3lBa01qQWdiV2xzYkdsdmJpZ0FQAQ?hl=en-US&gl=US&ceid=US%3Aen|INTC
12.0|./stories/CAAqOQgKIjNDQklTSURvSmMzUnZjbmt0TXpZd1NoTUtFUWpMeWRtQmtJQU1FVjF0WWJIVFNvVGVLQUFQAQ?hl=en-US&gl=US&ceid=US%3Aen|INTC
6.0|./stories/CAAqOQgKIjNDQklTSURvSmMzUnZjbmt0TXpZd1NoTUtFUWpreWJ2LWo0QU1FU2N3LThrTmk0WjNLQUFQAQ?hl=en-US&gl=US&ceid=US%3Aen|MSFT
7.0|./stories/CAAqOQgKIjNDQklTSURvSmMzUnZjbmt0TXpZd1NoTUtFUWlIMXNxQ2tJQU1FVXdCM1lXZl9xSDRLQUFQAQ?hl=en-US&gl=US&ceid=US%3Aen|MSFT
8.0|./stories/CAAqOQgKIjNDQklTSURvSmMzUnZjbmt0TXpZd1NoTUtFUWlWdDQ2RGtJQU1FZlNJTjIzMWhzaWVLQUFQAQ?hl=en-US&gl=US&ceid=US%3Aen|MSFT
9.0|./stories/CAAqOQgKIjNDQklTSURvSmMzUnZjbmt0TXpZd1NoTUtFUWlIb19tQ2tJQU1FWkhtcGdITkJjUWpLQUFQAQ?hl=en-US&gl=US&ceid=US%3Aen|MSFT
10.0|./stories/CAAqOQgKIjNDQklTSURvSmMzUnZjbmt0TXpZd1NoTUtFUWltNG9YaWo0QU1FUTRvNlBlSWZQUGVLQUFQAQ?hl=en-US&gl=US&ceid=US%3Aen|MSFT
11.0|./stories/CAAqOQgKIjNDQklTSURvSmMzUnZjbmt0TXpZd1NoTUtFUWlfdHZtQ2tJQU1FU2xLTFJId0RmNTZLQUFQAQ?hl=en-US&gl=US&ceid=US%3Aen|NFLX
12.0|./stories/CAAqhQEICiJ_Q0JJU1dUb0pjM1J2Y25rdE16WXdTa3dLRVFqaG1QU0NrSUFNRVE1NnZSYWFQOGlhRWpkT1pYUm1iR2w0SUVORlR5QlNaV1ZrSUVoaGMzUnBibWR6SUdSdmJtRjBaWE1nSkRFeU1DQnRhV3hzYVc5dUlIUnZJRWhDUTFWektBQVAB?hl=en-US&gl=US&ceid=US%3Aen|NFLX
15.0|./stories/CAAqOQgKIjNDQklTSURvSmMzUnZjbmt0TXpZd1NoTUtFUWk3aTV1Q2tJQU1FZlVtN3hnLXlJNlNLQUFQAQ?hl=en-US&gl=US&ceid=US%3Aen|NFLX
16.0|./stories/CAAqeAgKInJDQklTVHpvSmMzUnZjbmt0TXpZd1NrSUtFUWplb18yQmtJQU1FZE40eFNlSUtaUmpFaTFVYUdVZ1ZXMWljbVZzYkdFZ1FXTmhaR1Z0ZVNCVFpXRnpiMjRnTWlCd2FHOTBiM01nY21Wc1pXRnpaV1FvQUFQAQ?hl=en-US&gl=US&ceid=US%3Aen|NFLX
17.0|./stories/CAAqZAgKIl5DQklTUURvSmMzUnZjbmt0TXpZd1NqTUtFUWlGc0phQ2tJQU1FVlZJdGVHLXJ0LWtFaDVPWlhSbWJHbDRJSEIxYkd4eklHSnNZV05yWm1GalpTQnphMlYwWTJnb0FBUAE?hl=en-US&gl=US&ceid=US%3Aen|NFLX
20.0|./stories/CAAqOQgKIjNDQklTSURvSmMzUnZjbmt0TXpZd1NoTUtFUWpueUtPRGtJQU1FUzNCTi1SX1BaWlBLQUFQAQ?hl=en-US&gl=US&ceid=US%3Aen|NFLX
21.0|./stories/CAAqOQgKIjNDQklTSURvSmMzUnZjbmt0TXpZd1NoTUtFUWljbEx5QmtJQU1FY3p2MGswdEJZRmpLQUFQAQ?hl=en-US&gl=US&ceid=US%3Aen|NFLX
22.0|./stories/CAAqOQgKIjNDQklTSURvSmMzUnZjbmt0TXpZd1NoTUtFUWpGMlplQmtJQU1FUjItNWROcTZYcjRLQUFQAQ?hl=en-US&gl=US&ceid=US%3Aen|NFLX
1.0|./stories/CAAqOQgKIjNDQklTSURvSmMzUnZjbmt0TXpZd1NoTUtFUWpDcGYyQWtJQU1FUzI5M0E0elROMlRLQUFQAQ?hl=en-US&gl=US&ceid=US%3Aen|SIRI
2.0|./stories/CAAqOQgKIjNDQklTSURvSmMzUnZjbmt0TXpZd1NoTUtFUWkyd0ltRGtJQU1FUXM3SjVseDd5OXNLQUFQAQ?hl=en-US&gl=US&ceid=US%3Aen|SIRI
2.0|./stories/CAAqOQgKIjNDQklTSURvSmMzUnZjbmt0TXpZd1NoTUtFUWo4Mk9PQ2tJQU1FU3hKR1NsQ0tfQjdLQUFQAQ?hl=en-US&gl=US&ceid=US%3Aen|SBUX
3.0|./stories/CAAqOQgKIjNDQklTSURvSmMzUnZjbmt0TXpZd1NoTUtFUWpWNmRlQmtJQU1FV2tYeGZyak54TGpLQUFQAQ?hl=en-US&gl=US&ceid=US%3Aen|SBUX
7.0|./stories/CAAqOQgKIjNDQklTSURvSmMzUnZjbmt0TXpZd1NoTUtFUWpPeF9mLWo0QU1FYTdSOFZ5SzRiRHNLQUFQAQ?hl=en-US&gl=US&ceid=US%3Aen|TSLA
8.0|./stories/CAAqXggKIlhDQklTUERvSmMzUnZjbmt0TXpZd1NpOEtFUWoyamRxQmtJQU1FWWVkbW44OUNQRVRFaHBVWlhOc1lTQnBibU5sYm5ScGRtVnpJR2x1SUVGMWMzUnBiaWdBUAE?hl=en-US&gl=US&ceid=US%3Aen|TSLA
10.0|./stories/CAAqOQgKIjNDQklTSURvSmMzUnZjbmt0TXpZd1NoTUtFUWpWc1A3M2o0QU1FZnllX2FQOF9fX0lLQUFQAQ?hl=en-US&gl=US&ceid=US%3Aen|TSLA
11.0|./stories/CAAqOQgKIjNDQklTSURvSmMzUnZjbmt0TXpZd1NoTUtFUWlGMm9XRGtJQU1FYk83bW5rY2FIWllLQUFQAQ?hl=en-US&gl=US&ceid=US%3Aen|TSLA
1.0|./stories/CAAqiwEICiKEAUNCSVNYVG9KYzNSdmNua3RNell3U2xBS0VRaWE1SnlEa0lBTUVVZ0dCcEQ1MDY0SEVqdFZibWwwWldRZ1FXbHliR2x1WlhNZ2MzZGxaWFJsYm5NZ1pYaHBkQ0J3WVdOcllXZGxJR1p2Y2lCbWJHbG5hSFFnWVhSMFpXNWtZVzUwY3lnQVAB?hl=en-US&gl=US&ceid=US%3Aen|UAL
1.0|./stories/CAAqOQgKIjNDQklTSURvSmMzUnZjbmt0TXpZd1NoTUtFUWpvMkp5RGtJQU1FZV9Hbkl6NURVcHZLQUFQAQ?hl=en-US&gl=US&ceid=US%3Aen|ADBE
2.0|./stories/CAAqOQgKIjNDQklTSURvSmMzUnZjbmt0TXpZd1NoTUtFUWpDOGQyQ2tJQU1FVGZYNDhWN0ZfeWhLQUFQAQ?hl=en-US&gl=US&ceid=US%3Aen|ADBE
0.0|./stories/CAAqeggKInRDQklTVVRvSmMzUnZjbmt0TXpZd1NrUUtFUWlFbGFDRGtJQU1FUUFXZTBkX0JXV0NFaTlIYjI5bmJHVWdZVzV1YjNWdVkyVnpJR2R2WVd4eklIUnZJR0ZrWkhKbGMzTWdjbUZqYVdGc0lHbHpjM1ZsY3lnQVAB?hl=en-US&gl=US&ceid=US%3Aen|GOOG
0.0|./stories/CAAqOQgKIjNDQklTSURvSmMzUnZjbmt0TXpZd1NoTUtFUWpJX09lQWtJQU1FVk9tTS1jd3RPN1dLQUFQAQ?hl=en-US&gl=US&ceid=US%3Aen|AMD
1.0|./stories/CAAqOQgKIjNDQklTSURvSmMzUnZjbmt0TXpZd1NoTUtFUWkyMUxlQ2tJQU1FUVo5cFlaMjVJUVpLQUFQAQ?hl=en-US&gl=US&ceid=US%3Aen|AMD
2.0|./stories/CAAqOQgKIjNDQklTSURvSmMzUnZjbmt0TXpZd1NoTUtFUWlQam9LQ2tJQU1FV29wNC1vX2Vyei1LQUFQAQ?hl=en-US&gl=US&ceid=US%3Aen|AMD
3.0|./stories/CAAqOQgKIjNDQklTSURvSmMzUnZjbmt0TXpZd1NoTUtFUWk1am9LQ2tJQU1FWnpDSy02aXpkdU9LQUFQAQ?hl=en-US&gl=US&ceid=US%3Aen|AMD
2.0|./stories/CAAqfQgKIndDQklTVXpvSmMzUnZjbmt0TXpZd1NrWUtFUWlKblBPQmtJQU1FUzRteTY4Zy12QWFFakZCYldGNmIyNGdiR0YxYm1Ob1pYTWdjMjlqYVdGc0lHUnBjM1JoYm1OcGJtY2dkSEpoWTJ0cGJtY2djM2x6ZEdWdEtBQVAB?hl=en-US&gl=US&ceid=US%3Aen|AMZN
3.0|./stories/CAAqWQgKIlNDQklTT0RvSmMzUnZjbmt0TXpZd1Npc0tFUWoybV8yQ2tJQU1FWU9rQnQzUE9NN1dFaFpJWVc1dVlTQlRaV0Z6YjI0Z01pQjBjbUZwYkdWeUtBQVAB?hl=en-US&gl=US&ceid=US%3Aen|AMZN
4.0|./stories/CAAqOQgKIjNDQklTSURvSmMzUnZjbmt0TXpZd1NoTUtFUWplak9xQ2tJQU1FVFgxWnZvSzNjTFJLQUFQAQ?hl=en-US&gl=US&ceid=US%3Aen|AMZN
5.0|./stories/CAAqOQgKIjNDQklTSURvSmMzUnZjbmt0TXpZd1NoTUtFUWpwalptQ2tJQU1FWkdRTTV3NTg0OTJLQUFQAQ?hl=en-US&gl=US&ceid=US%3Aen|AMZN
6.0|./stories/CAAqOQgKIjNDQklTSURvSmMzUnZjbmt0TXpZd1NoTUtFUWlrNGNtQ2tJQU1FWWRSV1lqdGliTGNLQUFQAQ?hl=en-US&gl=US&ceid=US%3Aen|AMZN
7.0|./stories/CAAqOQgKIjNDQklTSURvSmMzUnZjbmt0TXpZd1NoTUtFUWlnNEphRGtJQU1FY0ZpLUVldFFYN2FLQUFQAQ?hl=en-US&gl=US&ceid=US%3Aen|AMZN
8.0|./stories/CAAqOQgKIjNDQklTSURvSmMzUnZjbmt0TXpZd1NoTUtFUWl0N3JtRGtJQU1FUmlVN09CQVU4dl9LQUFQAQ?hl=en-US&gl=US&ceid=US%3Aen|AMZN
9.0|./stories/CAAqOQgKIjNDQklTSURvSmMzUnZjbmt0TXpZd1NoTUtFUWoxZ29lQmtJQU1FUnNkU2puaF9nWFlLQUFQAQ?hl=en-US&gl=US&ceid=US%3Aen|AMZN
10.0|./stories/CAAqOQgKIjNDQklTSURvSmMzUnZjbmt0TXpZd1NoTUtFUWlSaFlLRGtJQU1FWGxfSWtOTzBvWW9LQUFQAQ?hl=en-US&gl=US&ceid=US%3Aen|AMZN
11.0|./stories/CAAqigEICiKDAUNCSVNYRG9KYzNSdmNua3RNell3U2s4S0VRajlrXzZBa0lBTUVUNkhTRjVNdVlEQ0VqcFhZV3h0WVhKMElIQmhjblJ1WlhKeklIZHBkR2dnVTJodmNHbG1lU0IwYnlCbGVIQmhibVFnYjI1c2FXNWxJRzFoY210bGRIQnNZV05sS0FBUAE?hl=en-US&gl=US&ceid=US%3Aen|AMZN
12.0|./stories/CAAqOQgKIjNDQklTSURvSmMzUnZjbmt0TXpZd1NoTUtFUWpTcVlLQ2tJQU1FYWxxUW4xc2h0cm5LQUFQAQ?hl=en-US&gl=US&ceid=US%3Aen|AMZN
13.0|./stories/CAAqOQgKIjNDQklTSURvSmMzUnZjbmt0TXpZd1NoTUtFUWpXMzdlRGtJQU1FVXdtRXd6OWtFSHBLQUFQAQ?hl=en-US&gl=US&ceid=US%3Aen|AMZN
14.0|./stories/CAAqOQgKIjNDQklTSURvSmMzUnZjbmt0TXpZd1NoTUtFUWpmejVlRGtJQU1FZnhlLTMzXzhBS3pLQUFQAQ?hl=en-US&gl=US&ceid=US%3Aen|AMZN
15.0|./stories/CAAqOQgKIjNDQklTSURvSmMzUnZjbmt0TXpZd1NoTUtFUWpzNTZDRGtJQU1FWDFsR001SVRKVk9LQUFQAQ?hl=en-US&gl=US&ceid=US%3Aen|AMZN
16.0|./stories/CAAqOQgKIjNDQklTSURvSmMzUnZjbmt0TXpZd1NoTUtFUWlad0tmX2o0QU1FUVh5VHItcXdKYXpLQUFQAQ?hl=en-US&gl=US&ceid=US%3Aen|AMZN
17.0|./stories/CAAqOQgKIjNDQklTSURvSmMzUnZjbmt0TXpZd1NoTUtFUWkzbnF5Q2tJQU1FVExvd2swQUtSdEJLQUFQAQ?hl=en-US&gl=US&ceid=US%3Aen|AMZN
18.0|./stories/CAAqOQgKIjNDQklTSURvSmMzUnZjbmt0TXpZd1NoTUtFUWpMeTd1QmtJQU1FZVFvSmtfeTUzNUhLQUFQAQ?hl=en-US&gl=US&ceid=US%3Aen|AMZN
19.0|./stories/CAAqOQgKIjNDQklTSURvSmMzUnZjbmt0TXpZd1NoTUtFUWkyck15Q2tJQU1FWmx4RnFDMWtHR3BLQUFQAQ?hl=en-US&gl=US&ceid=US%3Aen|AMZN
20.0|./stories/CAAqOQgKIjNDQklTSURvSmMzUnZjbmt0TXpZd1NoTUtFUWlOcl9XQmtJQU1FWWVfNmZMNW55N0dLQUFQAQ?hl=en-US&gl=US&ceid=US%3Aen|AMZN
21.0|./stories/CAAqOQgKIjNDQklTSURvSmMzUnZjbmt0TXpZd1NoTUtFUWlYdTZLRGtJQU1FYVh0NEFrZmlJRU5LQUFQAQ?hl=en-US&gl=US&ceid=US%3Aen|AMZN
22.0|./stories/CAAqOQgKIjNDQklTSURvSmMzUnZjbmt0TXpZd1NoTUtFUWlTaWF1RGtJQU1FV041SmptNExJM2dLQUFQAQ?hl=en-US&gl=US&ceid=US%3Aen|AMZN
23.0|./stories/CAAqdAgKIm5DQklTVERvSmMzUnZjbmt0TXpZd1NqOEtFUWpqbU15Q2tJQU1FZU4zTjZGVmZJOVlFaXBCYldGNmIyNGdiR0YxYm1Ob1pYTWdkMlZpYzJsMFpTQm1iM0lnVTJGMVpHa2djMmh2Y0hCbGNuTW9BQVAB?hl=en-US&gl=US&ceid=US%3Aen|AMZN
24.0|./stories/CAAqOQgKIjNDQklTSURvSmMzUnZjbmt0TXpZd1NoTUtFUWpNcC1xQ2tJQU1FWWllTjJLLWh1RzZLQUFQAQ?hl=en-US&gl=US&ceid=US%3Aen|AMZN
25.0|./stories/CAAqOQgKIjNDQklTSURvSmMzUnZjbmt0TXpZd1NoTUtFUWpGb1BtQ2tJQU1FZWpDcXpzMFhKa2pLQUFQAQ?hl=en-US&gl=US&ceid=US%3Aen|AMZN
26.0|./stories/CAAqOQgKIjNDQklTSURvSmMzUnZjbmt0TXpZd1NoTUtFUWk2dFktRGtJQU1FU3hheF9DaklnZEtLQUFQAQ?hl=en-US&gl=US&ceid=US%3Aen|AMZN
27.0|./stories/CAAqOQgKIjNDQklTSURvSmMzUnZjbmt0TXpZd1NoTUtFUWpTczZtQmtJQU1FVUVZd2l0a0cxRnJLQUFQAQ?hl=en-US&gl=US&ceid=US%3Aen|AMZN
28.0|./stories/CAAqOQgKIjNDQklTSURvSmMzUnZjbmt0TXpZd1NoTUtFUWlpMElLQ2tJQU1FY2ZtSEJ1VVl3ZlVLQUFQAQ?hl=en-US&gl=US&ceid=US%3Aen|AMZN
0.0|./stories/CAAqOQgKIjNDQklTSURvSmMzUnZjbmt0TXpZd1NoTUtFUWljbEx5QmtJQU1FUzdXUm9NMmdiOXpLQUFQAQ?hl=en-US&gl=US&ceid=US%3Aen|AAPL
2.0|./stories/CAAqOQgKIjNDQklTSURvSmMzUnZjbmt0TXpZd1NoTUtFUWllX05LRGtJQU1FV1dXc21DSld2c29LQUFQAQ?hl=en-US&gl=US&ceid=US%3Aen|AAPL
3.0|./stories/CAAqOQgKIjNDQklTSURvSmMzUnZjbmt0TXpZd1NoTUtFUWlSeUpxQ2tJQU1FVUlsNHlmWV9MdFlLQUFQAQ?hl=en-US&gl=US&ceid=US%3Aen|AAPL
5.0|./stories/CAAqOQgKIjNDQklTSURvSmMzUnZjbmt0TXpZd1NoTUtFUWl0cjRPQ2tJQU1FVXVrdzFnSGZ0YUpLQUFQAQ?hl=en-US&gl=US&ceid=US%3Aen|AAPL
6.0|./stories/CAAqOQgKIjNDQklTSURvSmMzUnZjbmt0TXpZd1NoTUtFUWp2c3JXRGtJQU1FZFZVVngxNUQ4NFJLQUFQAQ?hl=en-US&gl=US&ceid=US%3Aen|AAPL
7.0|./stories/CAAqYQgKIltDQklTUGpvSmMzUnZjbmt0TXpZd1NqRUtFUWpOcXNHQ2tJQU1FYndaY21LOFhxR0dFaHhFYVhabGNuTnBkSGtnWTJocFpXWWdiR1ZoZG1WeklFRndjR3hsS0FBUAE?hl=en-US&gl=US&ceid=US%3Aen|AAPL
8.0|./stories/CAAqOQgKIjNDQklTSURvSmMzUnZjbmt0TXpZd1NoTUtFUWlxeTZhRGtJQU1FZE5HcTloSnV4UXdLQUFQAQ?hl=en-US&gl=US&ceid=US%3Aen|AAPL
9.0|./stories/CAAqOQgKIjNDQklTSURvSmMzUnZjbmt0TXpZd1NoTUtFUWo4dmJ2LWo0QU1FZnBOSTB4S0ZHU3ZLQUFQAQ?hl=en-US&gl=US&ceid=US%3Aen|AAPL
10.0|./stories/CAAqOQgKIjNDQklTSURvSmMzUnZjbmt0TXpZd1NoTUtFUWlMbUxLQmtJQU1FZjBfUUE1LVJNYVFLQUFQAQ?hl=en-US&gl=US&ceid=US%3Aen|AAPL
11.0|./stories/CAAqOQgKIjNDQklTSURvSmMzUnZjbmt0TXpZd1NoTUtFUWlEenBDQWtJQU1FZFY3RHRRNE5QQ0JLQUFQAQ?hl=en-US&gl=US&ceid=US%3Aen|AAPL
13.0|./stories/CAAqOQgKIjNDQklTSURvSmMzUnZjbmt0TXpZd1NoTUtFUWp4OEpILWo0QU1FVDdsYTRDY2YtZ0tLQUFQAQ?hl=en-US&gl=US&ceid=US%3Aen|AAPL
14.0|./stories/CAAqOQgKIjNDQklTSURvSmMzUnZjbmt0TXpZd1NoTUtFUWlGX05LRGtJQU1FVVhScHNvUktjU3hLQUFQAQ?hl=en-US&gl=US&ceid=US%3Aen|AAPL
15.0|./stories/CAAqOQgKIjNDQklTSURvSmMzUnZjbmt0TXpZd1NoTUtFUWlsdG83NGo0QU1FWnN5cVhkSEJsOHBLQUFQAQ?hl=en-US&gl=US&ceid=US%3Aen|AAPL
16.0|./stories/CAAqOQgKIjNDQklTSURvSmMzUnZjbmt0TXpZd1NoTUtFUWptcmVQOGo0QU1FUWZpdzF6MDlWaDRLQUFQAQ?hl=en-US&gl=US&ceid=US%3Aen|AAPL
0.0|./stories/CAAqOQgKIjNDQklTSURvSmMzUnZjbmt0TXpZd1NoTUtFUWlpcGV1QmtJQU1FVHJrUmNjdjBydVFLQUFQAQ?hl=en-US&gl=US&ceid=US%3Aen|BIDU
2.0|./stories/CAAqOQgKIjNDQklTSURvSmMzUnZjbmt0TXpZd1NoTUtFUWp1c3BDRGtJQU1FYWZ5S0M0NDc2Vk1LQUFQAQ?hl=en-US&gl=US&ceid=US%3Aen|CSCO
1.0|./stories/CAAqOQgKIjNDQklTSURvSmMzUnZjbmt0TXpZd1NoTUtFUWp2alphQ2tJQU1FVDREN3MtRTVJdm5LQUFQAQ?hl=en-US&gl=US&ceid=US%3Aen|CMCSA
0.0|./stories/CAAqOQgKIjNDQklTSURvSmMzUnZjbmt0TXpZd1NoTUtFUWlSZzVhQmtJQU1FVXlmbkFWVnNObzFLQUFQAQ?hl=en-US&gl=US&ceid=US%3Aen|EBAY
2.0|./stories/CAAqOQgKIjNDQklTSURvSmMzUnZjbmt0TXpZd1NoTUtFUWlYcWJxRGtJQU1FWmV2QzlTeWpZRnNLQUFQAQ?hl=en-US&gl=US&ceid=US%3Aen|EA
3.0|./stories/CAAqbQgKImdDQklTUnpvSmMzUnZjbmt0TXpZd1Nqb0tFUWlzdVpxQ2tJQU1FVTc5RUdEV1JMeWpFaVVuVTNSaGNpQlhZWEp6T2lCVGNYVmhaSEp2Ym5NbklISmxkbVZoYkNCMGNtRnBiR1Z5S0FBUAE?hl=en-US&gl=US&ceid=US%3Aen|EA
4.0|./stories/CAAqaAgKImJDQklTUXpvSmMzUnZjbmt0TXpZd1NqWUtFUWo4elBEOWo0QU1FVk84dlZFTnoyV2NFaUZGUVNCaGJtNXZkVzVqWlhNZ1UzUmhjaUJYWVhKek9pQlRjWFZoWkhKdmJuTW9BQVAB?hl=en-US&gl=US&ceid=US%3Aen|EA
5.0|./stories/CAAqOQgKIjNDQklTSURvSmMzUnZjbmt0TXpZd1NoTUtFUWpjOVB1QmtJQU1FYjNKNnRDdVRGSkRLQUFQAQ?hl=en-US&gl=US&ceid=US%3Aen|EA
6.0|./stories/CAAqOQgKIjNDQklTSURvSmMzUnZjbmt0TXpZd1NoTUtFUWo5aUp6V2o0QU1FZDlPOTlFVC1KUzZLQUFQAQ?hl=en-US&gl=US&ceid=US%3Aen|EA
0.0|./stories/CAAqbggKImhDQklTU0RvSmMzUnZjbmt0TXpZd1Nqc0tFUWpXcHU2Q2tJQU1FWDdwaHNjeUdKUFNFaVpSZFdGc1kyOXRiU0IxYm5abGFXeHpJRkp2WW05MGFXTnpJRkpDTlNCd2JHRjBabTl5YlNnQVAB?hl=en-US&gl=US&ceid=US%3Aen|INTC
1.0|./stories/CAAqOQgKIjNDQklTSURvSmMzUnZjbmt0TXpZd1NoTUtFUWplbXZpQ2tJQU1FZkQwNkVRZFBERVhLQUFQAQ?hl=en-US&gl=US&ceid=US%3Aen|INTC
2.0|./stories/CAAqVggKIlBDQklTTmpvSmMzUnZjbmt0TXpZd1Npa0tFUWk1c01TQ2tJQU1FZGFqZTV4b2xPX2JFaFJQZFhSeVpXRmphQ0J5WVdselpYTWdKRFV3VFNnQVAB?hl=en-US&gl=US&ceid=US%3Aen|INTC
3.0|./stories/CAAqdQgKIm9DQklTVFRvSmMzUnZjbmt0TXpZd1NrQUtFUWlQdHQ2Q2tJQU1FWVJRcTdlNHU2UGtFaXRCU1NCaGMzTmxkQ0J0WVc1aFoyVnlJRkJoWjJGNVlTQnlZV2x6WlhNZ0pERXdNaUJ0YVd4c2FXOXVLQUFQAQ?hl=en-US&gl=US&ceid=US%3Aen|INTC
4.0|./stories/CAAqOQgKIjNDQklTSURvSmMzUnZjbmt0TXpZd1NoTUtFUWlmam9LQ2tJQU1FV3NkY0tqcC1ySmVLQUFQAQ?hl=en-US&gl=US&ceid=US%3Aen|INTC
5.0|./stories/CAAqfQgKIndDQklTVXpvSmMzUnZjbmt0TXpZd1NrWUtFUWlKblBPQmtJQU1FZU5OY0JxaThrY3hFakZCYldGNmIyNGdiR0YxYm1Ob1pYTWdjMjlqYVdGc0lHUnBjM1JoYm1OcGJtY2dkSEpoWTJ0cGJtY2djM2x6ZEdWdEtBQVAB?hl=en-US&gl=US&ceid=US%3Aen|INTC
6.0|./stories/CAAqOQgKIjNDQklTSURvSmMzUnZjbmt0TXpZd1NoTUtFUWlmb1B2X2o0QU1FWWpqOU5idjFmbHhLQUFQAQ?hl=en-US&gl=US&ceid=US%3Aen|INTC
7.0|./stories/CAAqOQgKIjNDQklTSURvSmMzUnZjbmt0TXpZd1NoTUtFUWppNlp5QmtJQU1FYzJjNkE5OWpUVjFLQUFQAQ?hl=en-US&gl=US&ceid=US%3Aen|INTC
10.0|./stories/CAAqOQgKIjNDQklTSURvSmMzUnZjbmt0TXpZd1NoTUtFUWpVc091Q2tJQU1FVkJIZ05JMnhjSlBLQUFQAQ?hl=en-US&gl=US&ceid=US%3Aen|INTC
0.0|./stories/CAAqOQgKIjNDQklTSURvSmMzUnZjbmt0TXpZd1NoTUtFUWp1X05pRGtJQU1FWlY5aU1yM1ZPV19LQUFQAQ?hl=en-US&gl=US&ceid=US%3Aen|JD
1.0|./stories/CAAqOQgKIjNDQklTSURvSmMzUnZjbmt0TXpZd1NoTUtFUWluMmNHRGtJQU1FWElWcWdUSE5uSzJLQUFQAQ?hl=en-US&gl=US&ceid=US%3Aen|JD
2.0|./stories/CAAqOQgKIjNDQklTSURvSmMzUnZjbmt0TXpZd1NoTUtFUWpRX2Y2Q2tJQU1FU1JhMERGMG92bXhLQUFQAQ?hl=en-US&gl=US&ceid=US%3Aen|JD
3.0|./stories/CAAqOQgKIjNDQklTSURvSmMzUnZjbmt0TXpZd1NoTUtFUWlNek5hQ2tJQU1FWjNseFFXcmRjelJLQUFQAQ?hl=en-US&gl=US&ceid=US%3Aen|JD
4.0|./stories/CAAqaQgKImNDQklTUkRvSmMzUnZjbmt0TXpZd1NqY0tFUWpHZ3NTRGtJQU1FU0dQMkdEMlhXR25FaUpLUkM1amIyMGdjMjloY25NZ05pVWdhVzRnU0c5dVp5QkxiMjVuSUdSbFluVjBLQUFQAQ?hl=en-US&gl=US&ceid=US%3Aen|JD
0.0|./stories/CAAqYAgKIlpDQklTUFRvSmMzUnZjbmt0TXpZd1NqQUtFUWlpMGFHRGtJQU1FZHExRzhZb0NPYzdFaHRIYVd4bFlXUWdkRzhnYzNSMVpIa2dhVzRnWTJocGJHUnlaVzRvQUFQAQ?hl=en-US&gl=US&ceid=US%3Aen|GILD
1.0|./stories/CAAqOQgKIjNDQklTSURvSmMzUnZjbmt0TXpZd1NoTUtFUWppNlp5QmtJQU1FZHZSa00zaUxCWXBLQUFQAQ?hl=en-US&gl=US&ceid=US%3Aen|GILD
2.0|./stories/CAAqOQgKIjNDQklTSURvSmMzUnZjbmt0TXpZd1NoTUtFUWo4dGVHQmtJQU1FZXlfUmFXVzhhN0lLQUFQAQ?hl=en-US&gl=US&ceid=US%3Aen|GILD
3.0|./stories/CAAqOQgKIjNDQklTSURvSmMzUnZjbmt0TXpZd1NoTUtFUWluNS1IOWo0QU1FZmt1R0JNSDZONF9LQUFQAQ?hl=en-US&gl=US&ceid=US%3Aen|GILD
4.0|./stories/CAAqOQgKIjNDQklTSURvSmMzUnZjbmt0TXpZd1NoTUtFUWkwNHFIUmo0QU1FZkRBQll0SnhIUmFLQUFQAQ?hl=en-US&gl=US&ceid=US%3Aen|GILD
1.0|./stories/CAAqOQgKIjNDQklTSURvSmMzUnZjbmt0TXpZd1NoTUtFUWlIb19tQ2tJQU1FYWtXQTFKMVhiTkFLQUFQAQ?hl=en-US&gl=US&ceid=US%3Aen|MSFT
3.0|./stories/CAAqhAEICiJ-Q0JJU1dEb0pjM1J2Y25rdE16WXdTa3NLRVFpWV9NbURrSUFNRVoxV3prS2ZGcGZTRWpaTmFXTnliM052Wm5RZ2RISnBaV1FnZEc4Z2MyVnNiQ0JtWVdOcFlXd2djbVZqYjJkdWFYUnBiMjRnZEdWamFDQjBieUJFUlVFb0FBUAE?hl=en-US&gl=US&ceid=US%3Aen|MSFT
4.0|./stories/CAAqOQgKIjNDQklTSURvSmMzUnZjbmt0TXpZd1NoTUtFUWlWdDQ2RGtJQU1FZlNJTjIzMWhzaWVLQUFQAQ?hl=en-US&gl=US&ceid=US%3Aen|MSFT
5.0|./stories/CAAqOQgKIjNDQklTSURvSmMzUnZjbmt0TXpZd1NoTUtFUWpreWJ2LWo0QU1FU2N3LThrTmk0WjNLQUFQAQ?hl=en-US&gl=US&ceid=US%3Aen|MSFT
6.0|./stories/CAAqOQgKIjNDQklTSURvSmMzUnZjbmt0TXpZd1NoTUtFUWlIMXNxQ2tJQU1FUVo3ZjRxbF9ycFdLQUFQAQ?hl=en-US&gl=US&ceid=US%3Aen|MSFT
7.0|./stories/CAAqaQgKImNDQklTUkRvSmMzUnZjbmt0TXpZd1NqY0tFUWllMjVhQmtJQU1FUmczb3p6blp2UkpFaUpOYVdOeWIzTnZablFnYVc1amNtVmhjMlZ6SUVGNmRYSmxJR05oY0dGamFYUjVLQUFQAQ?hl=en-US&gl=US&ceid=US%3Aen|MSFT
8.0|./stories/CAAqOQgKIjNDQklTSURvSmMzUnZjbmt0TXpZd1NoTUtFUWotZ3BDRGtJQU1FVXJrd1BXYmZ4UzRLQUFQAQ?hl=en-US&gl=US&ceid=US%3Aen|MSFT
0.0|./stories/CAAqOQgKIjNDQklTSURvSmMzUnZjbmt0TXpZd1NoTUtFUWpaZy0tQ2tJQU1FVThyZkxtakd0YnFLQUFQAQ?hl=en-US&gl=US&ceid=US%3Aen|NFLX
1.0|./stories/CAAqOQgKIjNDQklTSURvSmMzUnZjbmt0TXpZd1NoTUtFUWlMODRHRGtJQU1FYkFPek95bUpVYjNLQUFQAQ?hl=en-US&gl=US&ceid=US%3Aen|NFLX
2.0|./stories/CAAqhQEICiJ_Q0JJU1dUb0pjM1J2Y25rdE16WXdTa3dLRVFqaG1QU0NrSUFNRWFUd3RRS2Ryc0RQRWpkT1pYUm1iR2w0SUVORlR5QlNaV1ZrSUVoaGMzUnBibWR6SUdSdmJtRjBaWE1nSkRFeU1DQnRhV3hzYVc5dUlIUnZJRWhDUTFWektBQVAB?hl=en-US&gl=US&ceid=US%3Aen|NFLX
3.0|./stories/CAAqOQgKIjNDQklTSURvSmMzUnZjbmt0TXpZd1NoTUtFUWp6ak15Q2tJQU1FV1psU2RxTHNNYlFLQUFQAQ?hl=en-US&gl=US&ceid=US%3Aen|NFLX
4.0|./stories/CAAqhQEICiJ_Q0JJU1dUb0pjM1J2Y25rdE16WXdTa3dLRVFqaG1QU0NrSUFNRWFUd3RRS2Ryc0RQRWpkT1pYUm1iR2w0SUVORlR5QlNaV1ZrSUVoaGMzUnBibWR6SUdSdmJtRjBaWE1nSkRFeU1DQnRhV3hzYVc5dUlIUnZJRWhDUTFWektBQVAB?hl=en-US&gl=US&ceid=US%3Aen|NFLX
5.0|./stories/CAAqOQgKIjNDQklTSURvSmMzUnZjbmt0TXpZd1NoTUtFUWpkdG91RGtJQU1FVkZ1MEw1M19XTVdLQUFQAQ?hl=en-US&gl=US&ceid=US%3Aen|NFLX
6.0|./stories/CAAqaAgKImJDQklTUXpvSmMzUnZjbmt0TXpZd1NqWUtFUWloMmNDQmtJQU1FWmNrb3hHOU1WTENFaUZPWlhSbWJHbDRJR1J2Ym1GMFpYTWdkRzhnUW14aFkyc2dZM0psWVhSdmNuTW9BQVAB?hl=en-US&gl=US&ceid=US%3Aen|NFLX
7.0|./stories/CAAqOQgKIjNDQklTSURvSmMzUnZjbmt0TXpZd1NoTUtFUWk3aTV1Q2tJQU1FVlNuTFduckY4dXZLQUFQAQ?hl=en-US&gl=US&ceid=US%3Aen|NFLX
8.0|./stories/CAAqOQgKIjNDQklTSURvSmMzUnZjbmt0TXpZd1NoTUtFUWoyekpxRGtJQU1FYU9CMEJxNWc1UWdLQUFQAQ?hl=en-US&gl=US&ceid=US%3Aen|NFLX
9.0|./stories/CAAqOQgKIjNDQklTSURvSmMzUnZjbmt0TXpZd1NoTUtFUWpadW9xRGtJQU1FUTJiRHF3eEtUcWNLQUFQAQ?hl=en-US&gl=US&ceid=US%3Aen|NFLX
10.0|./stories/CAAqOQgKIjNDQklTSURvSmMzUnZjbmt0TXpZd1NoTUtFUWpXajhHQ2tJQU1FWV85anN3dkN0YTlLQUFQAQ?hl=en-US&gl=US&ceid=US%3Aen|NFLX
11.0|./stories/CAAqOQgKIjNDQklTSURvSmMzUnZjbmt0TXpZd1NoTUtFUWpaZy0tQ2tJQU1FVThyZkxtakd0YnFLQUFQAQ?hl=en-US&gl=US&ceid=US%3Aen|NFLX
12.0|./stories/CAAqOQgKIjNDQklTSURvSmMzUnZjbmt0TXpZd1NoTUtFUWlMODRHRGtJQU1FYkFPek95bUpVYjNLQUFQAQ?hl=en-US&gl=US&ceid=US%3Aen|NFLX
13.0|./stories/CAAqhQEICiJ_Q0JJU1dUb0pjM1J2Y25rdE16WXdTa3dLRVFqaG1QU0NrSUFNRWFUd3RRS2Ryc0RQRWpkT1pYUm1iR2w0SUVORlR5QlNaV1ZrSUVoaGMzUnBibWR6SUdSdmJtRjBaWE1nSkRFeU1DQnRhV3hzYVc5dUlIUnZJRWhDUTFWektBQVAB?hl=en-US&gl=US&ceid=US%3Aen|NFLX
14.0|./stories/CAAqOQgKIjNDQklTSURvSmMzUnZjbmt0TXpZd1NoTUtFUWlfdHZtQ2tJQU1FU2xLTFJId0RmNTZLQUFQAQ?hl=en-US&gl=US&ceid=US%3Aen|NFLX
15.0|./stories/CAAqgAEICiJ6Q0JJU1ZUb0pjM1J2Y25rdE16WXdTa2dLRVFpdHM2eURrSUFNRWZhRWZWbFFQV0NLRWpOQlkzUnZjaUJFWVc1dWVTQk5ZWE4wWlhKemIyNGdZMmhoY21kbFpDQjNhWFJvSURNZ1kyOTFiblJ6SUc5bUlISmhjR1VvQUFQAQ?hl=en-US&gl=US&ceid=US%3Aen|NFLX
16.0|./stories/CAAqOQgKIjNDQklTSURvSmMzUnZjbmt0TXpZd1NoTUtFUWkyMUpLRGtJQU1FV0J1NGtodUNTZXNLQUFQAQ?hl=en-US&gl=US&ceid=US%3Aen|NFLX
17.0|./stories/CAAqOQgKIjNDQklTSURvSmMzUnZjbmt0TXpZd1NoTUtFUWpkdG91RGtJQU1FYXJ2d2liVXZkRWFLQUFQAQ?hl=en-US&gl=US&ceid=US%3Aen|NFLX
18.0|./stories/CAAqOQgKIjNDQklTSURvSmMzUnZjbmt0TXpZd1NoTUtFUWpvdllXRGtJQU1FYmgtUkdZeDh4dnFLQUFQAQ?hl=en-US&gl=US&ceid=US%3Aen|NFLX
19.0|./stories/CAAqOQgKIjNDQklTSURvSmMzUnZjbmt0TXpZd1NoTUtFUWpXajhHQ2tJQU1FZmJ0NGk1RnFuZHBLQUFQAQ?hl=en-US&gl=US&ceid=US%3Aen|NFLX
20.0|./stories/CAAqOQgKIjNDQklTSURvSmMzUnZjbmt0TXpZd1NoTUtFUWpSLU5HQ2tJQU1FWklrWEd5aF95VFRLQUFQAQ?hl=en-US&gl=US&ceid=US%3Aen|NFLX
21.0|./stories/CAAqWQgKIlNDQklTT0RvSmMzUnZjbmt0TXpZd1Npc0tFUWoybV8yQ2tJQU1FVVh6SWNTR2RHZzZFaFpJWVc1dVlTQlRaV0Z6YjI0Z01pQjBjbUZwYkdWeUtBQVAB?hl=en-US&gl=US&ceid=US%3Aen|NFLX
22.0|./stories/CAAqOQgKIjNDQklTSURvSmMzUnZjbmt0TXpZd1NoTUtFUWlxMjliLWo0QU1FZmhhLUdWTmNSeURLQUFQAQ?hl=en-US&gl=US&ceid=US%3Aen|NFLX
23.0|./stories/CAAqOQgKIjNDQklTSURvSmMzUnZjbmt0TXpZd1NoTUtFUWlxOWFHRGtJQU1FWlRBMFZXZDdRQUVLQUFQAQ?hl=en-US&gl=US&ceid=US%3Aen|NFLX
24.0|./stories/CAAqOQgKIjNDQklTSURvSmMzUnZjbmt0TXpZd1NoTUtFUWpGMlplQmtJQU1FUjItNWROcTZYcjRLQUFQAQ?hl=en-US&gl=US&ceid=US%3Aen|NFLX
25.0|./stories/CAAqbAgKImZDQklTUmpvSmMzUnZjbmt0TXpZd1Nqa0tFUWplb18yQmtJQU1FYm5BZ2NiQmpFSnhFaVJWYldKeVpXeHNZU0JCWTJGa1pXMTVJSE5sWVhOdmJpQXlJR1pwY25OMElHeHZiMnNvQUFQAQ?hl=en-US&gl=US&ceid=US%3Aen|NFLX
0.0|./stories/CAAqOQgKIjNDQklTSURvSmMzUnZjbmt0TXpZd1NoTUtFUWprdE9xQ2tJQU1FZHlfV09GSkxZTHRLQUFQAQ?hl=en-US&gl=US&ceid=US%3Aen|PEP
1.0|./stories/CAAqbggKImhDQklTU0RvSmMzUnZjbmt0TXpZd1Nqc0tFUWpXcHU2Q2tJQU1FVjIxa3JVaG9rcHVFaVpSZFdGc1kyOXRiU0IxYm5abGFXeHpJRkp2WW05MGFXTnpJRkpDTlNCd2JHRjBabTl5YlNnQVAB?hl=en-US&gl=US&ceid=US%3Aen|QCOM
2.0|./stories/CAAqOQgKIjNDQklTSURvSmMzUnZjbmt0TXpZd1NoTUtFUWluOHY2QmtJQU1FVFUxdHMwOXBLNmdLQUFQAQ?hl=en-US&gl=US&ceid=US%3Aen|QCOM
3.0|./stories/CAAqeggKInRDQklTVVRvSmMzUnZjbmt0TXpZd1NrUUtFUWo4allLQ2tJQU1FU1JhSHRiODhtREJFaTlNWlc1dmRtOG5jeUJHYkdWNElEVkhJR2x6SUhSb1pTQjNiM0pzWkNkeklHWnBjbk4wSURWSElHeGhjSFJ2Y0NnQVAB?hl=en-US&gl=US&ceid=US%3Aen|QCOM
4.0|./stories/CAAqOQgKIjNDQklTSURvSmMzUnZjbmt0TXpZd1NoTUtFUWlrbTRhQmtJQU1FZU5ad091aUZtd1hLQUFQAQ?hl=en-US&gl=US&ceid=US%3Aen|QCOM
0.0|./stories/CAAqOQgKIjNDQklTSURvSmMzUnZjbmt0TXpZd1NoTUtFUWl6c1lTQ2tJQU1FWkNDVG5HUWpfRnJLQUFQAQ?hl=en-US&gl=US&ceid=US%3Aen|ROST
1.0|./stories/CAAqOQgKIjNDQklTSURvSmMzUnZjbmt0TXpZd1NoTUtFUWpCckl5Q2tJQU1FUUFYQWhYUDZFYkVLQUFQAQ?hl=en-US&gl=US&ceid=US%3Aen|ROST
0.0|./stories/CAAqOQgKIjNDQklTSURvSmMzUnZjbmt0TXpZd1NoTUtFUWpQLW9lQ2tJQU1FYUVEcnVZZUtDZEpLQUFQAQ?hl=en-US&gl=US&ceid=US%3Aen|SWKS
1.0|./stories/CAAqOQgKIjNDQklTSURvSmMzUnZjbmt0TXpZd1NoTUtFUWlvaHEyRGtJQU1FZUdKOUd4LWNWSUNLQUFQAQ?hl=en-US&gl=US&ceid=US%3Aen|SBUX
2.0|./stories/CAAqOQgKIjNDQklTSURvSmMzUnZjbmt0TXpZd1NoTUtFUWl5Z1oyQ2tJQU1FVU5wYUFPeGFjb1RLQUFQAQ?hl=en-US&gl=US&ceid=US%3Aen|SBUX
3.0|./stories/CAAqOQgKIjNDQklTSURvSmMzUnZjbmt0TXpZd1NoTUtFUWpWNmRlQmtJQU1FZGZ3bGk0bDFJWnBLQUFQAQ?hl=en-US&gl=US&ceid=US%3Aen|SBUX
4.0|./stories/CAAqOQgKIjNDQklTSURvSmMzUnZjbmt0TXpZd1NoTUtFUWo4Mk9PQ2tJQU1FU3hKR1NsQ0tfQjdLQUFQAQ?hl=en-US&gl=US&ceid=US%3Aen|SBUX
0.0|./stories/CAAqOQgKIjNDQklTSURvSmMzUnZjbmt0TXpZd1NoTUtFUWozbVBXQ2tJQU1FVnZmb3hCWm9sRVRLQUFQAQ?hl=en-US&gl=US&ceid=US%3Aen|ULTA
0.0|./stories/CAAqOQgKIjNDQklTSURvSmMzUnZjbmt0TXpZd1NoTUtFUWplM0pHRGtJQU1FYVpHNkJsUmFnR0ZLQUFQAQ?hl=en-US&gl=US&ceid=US%3Aen|TTWO
1.0|./stories/CAAqOQgKIjNDQklTSURvSmMzUnZjbmt0TXpZd1NoTUtFUWpKckl2LWo0QU1FUmhaM3BHLTg0WVBLQUFQAQ?hl=en-US&gl=US&ceid=US%3Aen|TTWO
2.0|./stories/CAAqOQgKIjNDQklTSURvSmMzUnZjbmt0TXpZd1NoTUtFUWo2bmNLaWo0QU1FWjBsVGdaTkg5YWJLQUFQAQ?hl=en-US&gl=US&ceid=US%3Aen|TTWO
4.0|./stories/CAAqOQgKIjNDQklTSURvSmMzUnZjbmt0TXpZd1NoTUtFUWpzenEtRGtJQU1FZjd5U1VqaWU0R29LQUFQAQ?hl=en-US&gl=US&ceid=US%3Aen|TSLA
5.0|./stories/CAAqiQEICiKCAUNCSVNXem9KYzNSdmNua3RNell3U2s0S0VRanVqcWVEa0lBTUVlbkR4Tno1VUg3aUVqbEhiR0Z6Y3lCTVpYZHBjeUIxY21kbGN5QlVaWE5zWVNCcGJuWmxjM1J2Y25NZ2RHOGdkbTkwWlNCaFoyRnBibk4wSUVSbGJtaHZiRzBvQUFQAQ?hl=en-US&gl=US&ceid=US%3Aen|TSLA
6.0|./stories/CAAqaAgKImJDQklTUXpvSmMzUnZjbmt0TXpZd1NqWUtFUWpIbE5pQmtJQU1FWTRjSm9scUJId2dFaUZVWlhOc1lTQjBieUJpZFhrZ1kyOWlZV3gwSUdaeWIyMGdSMnhsYm1OdmNtVW9BQVAB?hl=en-US&gl=US&ceid=US%3Aen|TSLA
7.0|./stories/CAAqZggKImBDQklTUWpvSmMzUnZjbmt0TXpZd1NqVUtFUWpfM3ZHQ2tJQU1FWkZUbVNzYmplRElFaUJNZFdOcFpDQkJhWElnZEc4Z2NtVjJaV0ZzSUdsdUlGTmxjSFJsYldKbGNpZ0FQAQ?hl=en-US&gl=US&ceid=US%3Aen|TSLA
8.0|./stories/CAAqXggKIlhDQklTUERvSmMzUnZjbmt0TXpZd1NpOEtFUWoyamRxQmtJQU1FV0ZZQ08ybEZJbnJFaHBVWlhOc1lTQnBibU5sYm5ScGRtVnpJR2x1SUVGMWMzUnBiaWdBUAE?hl=en-US&gl=US&ceid=US%3Aen|TSLA
9.0|./stories/CAAqOQgKIjNDQklTSURvSmMzUnZjbmt0TXpZd1NoTUtFUWplcU9LQ2tJQU1FYmRmbi1BaGNQeEpLQUFQAQ?hl=en-US&gl=US&ceid=US%3Aen|TSLA
12.0|./stories/CAAqOQgKIjNDQklTSURvSmMzUnZjbmt0TXpZd1NoTUtFUWp4OS15QWtJQU1FZC1hOGNGanU2M1hLQUFQAQ?hl=en-US&gl=US&ceid=US%3Aen|TSLA
13.0|./stories/CAAqOQgKIjNDQklTSURvSmMzUnZjbmt0TXpZd1NoTUtFUWpndGI2RGtJQU1FU2p0bk9WcmhzN3NLQUFQAQ?hl=en-US&gl=US&ceid=US%3Aen|TSLA
14.0|./stories/CAAqOQgKIjNDQklTSURvSmMzUnZjbmt0TXpZd1NoTUtFUWk1bzdUYmo0QU1FZXU2OU5NdUk4RlpLQUFQAQ?hl=en-US&gl=US&ceid=US%3Aen|TSLA
0.0|./stories/CAAqOQgKIjNDQklTSURvSmMzUnZjbmt0TXpZd1NoTUtFUWpVc091Q2tJQU1FWW43U2d2NFB4VUhLQUFQAQ?hl=en-US&gl=US&ceid=US%3Aen|VRTX
0.0|./stories/CAAqOQgKIjNDQklTSURvSmMzUnZjbmt0TXpZd1NoTUtFUWphdlplRGtJQU1FWmlZVDExSWcySGlLQUFQAQ?hl=en-US&gl=US&ceid=US%3Aen|XEL
